county,state,fips,population,density,cases,days,Growth.rate,Growth.rate.reg,Doubling.time,tests,testing.rate
Baldwin,Alabama,1003,218022,130.9,28,20,1.181293737,1.18461469,4.160291954,0,0
Calhoun,Alabama,1015,114277,189.97,20,16,1.205908551,1.189816673,3.702051411,0,0
Chambers,Alabama,1017,33615,56.7,81,15,1.340393566,1.345958467,2.365986576,0,0
Cullman,Alabama,1043,83442,112.01,15,14,1.213407063,1.209583221,3.583412347,0,0
Elmore,Alabama,1051,81887,131.31,19,21,1.150516969,1.157607888,4.943587181,0,0
Jackson,Alabama,1071,51736,48.33,12,14,1.194220095,1.194853105,3.905201239,0,0
Jefferson,Alabama,1073,659300,593.81,369,21,1.282048896,1.342580956,2.789779362,0,0
Lamar,Alabama,1075,13844,23.04,1,14,0,0,Inf,0,0
Lauderdale,Alabama,1077,92387,138.66,14,14,1.207442027,1.233200779,3.677093491,0,0
Lee,Alabama,1081,163941,262.19,99,19,1.273601117,1.290748107,2.866039812,0,0
Limestone,Alabama,1083,96174,166.18,30,21,1.175815301,1.180403903,4.279695989,0,0
Madison,Alabama,1089,366519,446.06,123,17,1.327197622,1.350212482,2.448680516,0,0
Mobile,Alabama,1097,413757,337.28,103,15,1.362037762,1.366085468,2.243325928,0,0
Montgomery,Alabama,1101,225763,289.37,61,21,1.216229985,1.213333298,3.540875072,0,0
St. Clair,Alabama,1115,88690,138.16,23,17,1.202545832,1.208087269,3.758100401,0,0
Shelby,Alabama,1117,215707,269.15,115,19,1.237696313,1.300645828,3.25036906,0,0
Talladega,Alabama,1121,79828,109.35,12,16,1.168016097,1.159660014,4.46308713,0,0
Tuscaloosa,Alabama,1125,208911,156.01,41,21,1.193436267,1.201660128,3.919700636,0,0
Walker,Alabama,1127,63711,81.51,49,15,1.296223046,1.306703956,2.671553903,0,0
Washington,Alabama,1129,16378,15.41,5,14,1.121828396,1.109228471,6.029471813,0,0
Anchorage,Alaska,2020,291538,173.71,73,22,1.215336367,1.231037252,3.554220284,0,0
Fairbanks North Star Borough,Alaska,2090,98971,13.58,42,18,1.184286088,1.24924079,4.098064477,0,0
Kenai Peninsula Borough,Alaska,2122,58533,3.62,10,16,1.154781985,1.163589481,4.816479931,0,0
Ketchikan Gateway Borough,Alaska,2130,13918,2.84,14,17,1.167936675,1.191793164,4.465042096,0,0
Coconino,Arizona,4005,142854,7.53,126,16,1.352923246,1.369956614,2.293157244,0,0
Graham,Arizona,4009,38072,8.19,2,20,1.035264924,1.0479394,20,0,0
Maricopa,Arizona,4013,4410824,462.37,1049,68,1.107702584,1.105311094,6.776418766,0,0
Navajo,Arizona,4017,110445,10.92,148,17,1.341721731,1.355623272,2.358015114,0,0
Pima,Arizona,4019,1039073,111,280,25,1.252813202,1.261072813,3.075301961,0,0
Pinal,Arizona,4021,447138,78.22,77,28,1.167816666,1.174764774,4.467999639,0,0
Santa Cruz,Arizona,4023,46511,37.66,3,15,1.075989625,1.077215906,9.463946304,0,0
Yavapai,Arizona,4025,231993,27.65,35,15,1.267470528,1.279226002,2.924385328,0,0
Yuma,Arizona,4027,212128,37.69,13,14,1.201067408,1.221611858,3.783334162,0,0
Benton,Arkansas,5007,272608,305.63,41,15,1.280910907,1.311689868,2.799786169,0,0
Boone,Arkansas,5009,37480,63.18,3,15,1.075989625,1.060974051,9.463946304,0,0
Bradley,Arkansas,5011,10897,16.86,4,16,1.090507733,1.110359518,8,0,0
Clark,Arkansas,5019,22061,25.85,27,15,1.24573094,1.271459392,3.154648768,0,0
Cleburne,Arkansas,5023,24965,45.57,65,18,1.261006742,1.28741589,2.988857632,0,0
Cleveland,Arkansas,5025,8018,13.76,4,18,1.080059739,1.103727219,9,0,0
Craighead,Arkansas,5031,108558,149.46,16,15,1.203025036,1.205362818,3.75,0,0
Crittenden,Arkansas,5035,48342,80.38,43,15,1.284984524,1.29165561,2.764332497,0,0
Desha,Arkansas,5041,11512,15.47,4,18,1.080059739,1.058196872,9,0,0
Faulkner,Arkansas,5045,124806,188.95,40,16,1.259298684,1.28491034,3.006429195,0,0
Garland,Arkansas,5051,99154,145.03,40,19,1.170779914,1.228153346,4.39618605,0,0
Grant,Arkansas,5053,18188,28.63,3,15,1.075989625,1.094653225,9.463946304,0,0
Greene,Arkansas,5055,45325,77.24,4,15,1.09682498,1.112623501,7.5,0,0
Independence,Arkansas,5063,37678,48.78,4,15,1.09682498,1.110395029,7.5,0,0
Jefferson,Arkansas,5069,68114,80.88,53,23,1.188416071,1.197815412,4.015418891,0,0
Lincoln,Arkansas,5079,13383,24.39,6,18,1.104665079,1.121964175,6.96335053,0,0
Poinsett,Arkansas,5111,23974,31.72,5,15,1.113263577,1.127904203,6.460148371,0,0
Polk,Arkansas,5113,20049,23.51,5,15,1.113263577,1.113369441,6.460148371,0,0
Pope,Arkansas,5115,64000,78.33,8,15,1.148698355,1.152965729,5,0,0
Pulaski,Arkansas,5119,392680,517.88,137,22,1.16239116,1.266322634,4.606264867,0,0
Saline,Arkansas,5125,121421,163.09,21,19,1.173790227,1.16625353,4.325734725,0,0
Searcy,Arkansas,5129,7958,11.89,4,15,1.09682498,1.116577963,7.5,0,0
Sebastian,Arkansas,5131,127753,239.63,8,15,1.148698355,1.162344744,5,0,0
Sevier,Arkansas,5133,17139,30.42,3,15,1.075989625,1.069007378,9.463946304,0,0
Van Buren,Arkansas,5141,16603,23.56,20,15,1.2210553,1.250714928,3.470673197,0,0
Washington,Arkansas,5143,236961,242.61,25,16,1.222844545,1.241603781,3.445412465,0,0
Alameda,California,6001,1666753,2224.17,464,33,1.204491044,1.211562223,3.725453918,0,0
Amador,California,6005,39383,63.62,3,14,1.0816334,1.086063067,8.83301655,0,0
Contra Costa,California,6013,1150215,1582.89,307,31,1.202902064,1.209502049,3.752075058,0,0
Fresno,California,6019,994400,164.17,100,27,1.185971012,1.189041869,4.063904941,0,0
Humboldt,California,6023,136373,38.05,40,43,1.089575199,1.079741711,8.079778462,0,0
Imperial,California,6025,181827,43.15,55,14,1.205889006,1.347878665,3.702371914,0,0
Kern,California,6029,896764,108.59,199,17,1.365295477,1.368573434,2.226114395,0,0
Los Angeles,California,6037,10105518,2488.5,4566,68,1.131922531,1.130035008,5.593616301,0,0
Madera,California,6039,157672,72.54,28,27,1.131353815,1.133885326,5.616394137,0,0
Marin,California,6041,259666,500.27,131,37,1.14083687,1.144971064,5.26059644,0,0
Mendocino,California,6045,87606,24.93,4,16,1.090507733,1.099139531,8,0,0
Monterey,California,6053,435594,132.05,53,17,1.212607767,1.280345327,3.595661171,0,0
Napa,California,6055,139417,187.78,21,37,1.085764547,1.079988189,8.423799202,0,0
Nevada,California,6057,99696,103.46,31,18,1.210189631,1.21601742,3.633283558,0,0
Orange,California,6059,3185968,4002.42,711,69,1.099844895,1.097383815,7.283316774,0,0
Placer,California,6061,393149,270.13,97,32,1.153683328,1.155475427,4.848548877,0,0
Riverside,California,6065,2450758,330.71,638,27,1.270229654,1.271476195,2.897800185,0,0
Sacramento,California,6067,1540975,1565.37,389,42,1.152565105,1.152320314,4.881662489,0,0
San Benito,California,6069,61537,42.79,23,21,1.161031981,1.172494328,4.642359319,0,0
San Bernardino,California,6071,2171603,106.47,353,19,1.361737526,1.370557019,2.244927664,0,0
San Diego,California,6073,3343364,785.15,1112,53,1.141494111,1.140596145,5.237702208,0,0
San Francisco,California,6075,883305,18561.81,500,61,1.094738753,1.107532356,7.657751933,0,0
San Joaquin,California,6077,752660,526.27,185,24,1.242983858,1.257131126,3.186666367,0,0
San Luis Obispo,California,6079,284010,85.33,93,20,1.254365635,1.274702383,3.058497366,0,0
San Mateo,California,6081,769545,1708.12,486,32,1.213269789,1.220208585,3.585509498,0,0
Santa Barbara,California,6083,446527,162.24,152,19,1.302668385,1.311237935,2.62143902,0,0
Santa Clara,California,6085,1937570,1489.96,1094,63,1.117476426,1.118493481,6.240467795,0,0
Santa Cruz,California,6087,274255,614.97,59,27,1.163019808,1.172824939,4.58977364,0,0
Shasta,California,6089,180040,47.43,11,25,1.100666396,1.08539354,7.226620658,0,0
Solano,California,6095,446610,533.64,78,39,1.118189079,1.117652846,6.204853507,0,0
Sonoma,California,6097,499942,318.13,100,37,1.132541315,1.135312613,5.56905492,0,0
Stanislaus,California,6099,549815,360.78,58,23,1.157663983,1.197434834,4.734477147,0,0
Tulare,California,6107,465861,95.45,81,22,1.221094623,1.225475559,3.470113645,0,0
Ventura,California,6111,850967,460.15,189,24,1.244092223,1.255822017,3.173661813,0,0
Yolo,California,6113,220408,211.86,33,28,1.133007124,1.134292587,5.550716169,0,0
Adams,Colorado,8001,511868,425.74,294,22,1.254626407,1.302910291,3.055694613,0,0
Arapahoe,Colorado,8005,651215,797.73,500,25,1.282208939,1.291404884,2.788378485,0,0
Boulder,Colorado,8013,326078,442.01,143,20,1.281642209,1.298039662,2.793346285,0,0
Broomfield,Colorado,8014,69267,2001.58,36,14,1.291708342,1.300088978,2.707969651,0,0
Clear Creek,Colorado,8019,9605,23.73,6,21,1.089067559,1.088596135,8.123908952,0,0
Crowley,Colorado,8025,5858,7.15,1,15,0,0,Inf,0,0
Denver,Colorado,8031,716492,4532.13,716,28,1.233701544,1.274839022,3.300401698,0,0
Douglas,Colorado,8035,342776,391.09,194,29,1.19919474,1.204961746,3.815833234,0,0
Eagle,Colorado,8037,54993,32.27,333,28,1.230516082,1.240382244,3.34153666,0,0
El Paso,Colorado,8041,713856,323.56,374,28,1.235629509,1.244815726,3.276043729,0,0
Garfield,Colorado,8045,59770,19.86,45,19,1.221831127,1.233205106,3.459670109,0,0
Grand,Colorado,8049,15525,8.16,4,15,1.09682498,1.10662877,7.5,0,0
Gunnison,Colorado,8051,17246,5.11,88,24,1.205091745,1.223208137,3.715497186,0,0
Jefferson,Colorado,8059,580233,746.43,440,29,1.233540862,1.239598678,3.302449842,0,0
Larimer,Colorado,8069,350518,130.26,134,25,1.216421792,1.226437236,3.538024971,0,0
Mesa,Colorado,8077,153207,45.06,20,20,1.16158635,1.161772081,4.627564263,0,0
Morgan,Colorado,8087,28558,22.07,7,15,1.138517916,1.143207936,5.343107807,0,0
Park,Colorado,8093,18556,7.93,5,14,1.121828396,1.105189918,6.029471813,0,0
Pitkin,Colorado,8097,17950,18.45,38,23,1.064626908,1.183933366,11.06832156,0,0
Pueblo,Colorado,8101,167529,69.02,39,21,1.190597541,1.186424327,3.97320755,0,0
Routt,Colorado,8107,25733,10.53,28,21,1.171958646,1.172535405,4.368306551,0,0
San Miguel,Colorado,8113,8191,6.19,9,14,1.169930813,1.141272468,4.416508275,0,0
Summit,Colorado,8117,31007,50.02,35,21,1.146020241,1.18033781,5.085628646,0,0
Weld,Colorado,8123,314305,74.02,379,21,1.32675992,1.339409386,2.451537185,0,0
Yuma,Colorado,8125,10020,4.26,2,16,1.044273782,1.052450824,16,0,0
Fairfield,Connecticut,9001,943823,1511.22,2717,26,1.355440227,1.364507012,2.279142571,0,0
Hartford,Connecticut,9003,892697,1217.16,679,20,1.385458396,1.396077228,2.12601581,0,0
Litchfield,Connecticut,9005,181111,198.83,173,22,1.263948469,1.272313091,2.959125773,0,0
Middlesex,Connecticut,9007,162682,442.37,91,16,1.325684221,1.337340549,2.458590181,0,0
New Haven,Connecticut,9009,857620,1421.56,891,20,1.40440991,1.412950099,2.040965937,0,0
New London,Connecticut,9011,266784,404.41,40,14,1.301466089,1.313540516,2.630625546,0,0
Tolland,Connecticut,9013,150921,368.76,79,15,1.22003177,1.357094567,3.485307658,0,0
Windham,Connecticut,9015,117027,227.21,27,15,1.24573094,1.241538937,3.154648768,0,0
Kent,Delaware,10001,178550,298.24,54,16,1.197993693,1.293831036,3.836999465,0,0
New Castle,Delaware,10003,559335,1302.26,279,23,1.2774109,1.288274091,2.831075401,0,0
Sussex,Delaware,10005,229286,234.53,117,17,1.323299023,1.342879079,2.474395566,0,0
District of Columbia,District of Columbia,11001,702455,11212.38,757,27,1.278301153,1.287161078,2.823042449,0,0
Alachua,Florida,12001,269956,300.73,110,24,1.216348513,1.227755024,3.539113248,0,0
Baker,Florida,12003,28355,47.48,11,19,1.134514736,1.143051379,5.4922317,0,0
Brevard,Florida,12009,596849,567.91,62,17,1.27477872,1.283376822,2.855129242,0,0
Broward,Florida,12011,1951260,1578.09,1598,28,1.269586761,1.313913226,2.903946265,0,0
Charlotte,Florida,12015,184998,260.12,43,27,1.149473151,1.142009532,4.975798495,0,0
Citrus,Florida,12017,147929,245.98,28,19,1.191698005,1.201249837,3.952277356,0,0
Clay,Florida,12019,216072,342.99,69,22,1.21222727,1.215738415,3.60152442,0,0
Collier,Florida,12021,378488,182.11,203,24,1.191970798,1.257135985,3.947126,0,0
Duval,Florida,12031,950181,1212.59,323,22,1.300333227,1.309932071,2.639348496,0,0
Escambia,Florida,12033,315534,474.55,113,18,1.300348957,1.315768037,2.639226932,0,0
Hernando,Florida,12053,190865,386.63,38,15,1.161934304,1.287064934,4.61832967,0,0
Hillsborough,Florida,12057,1436888,1351.56,463,33,1.204412299,1.208149758,3.726763467,0,0
Indian River,Florida,12061,157413,300.24,47,15,1.292626903,1.306445141,2.7004699,0,0
Jackson,Florida,12063,48305,52.82,4,15,1.09682498,1.086665888,7.5,0,0
Lake,Florida,12069,356495,357.38,88,18,1.282409761,1.297212544,2.786622889,0,0
Lee,Florida,12071,754610,916.08,303,28,1.226374046,1.231575988,3.396749851,0,0
Leon,Florida,12073,292502,432.03,38,16,1.255268049,1.268182166,3.048822599,0,0
Manatee,Florida,12081,394855,503.21,104,33,1.151124301,1.146278222,4.925049905,0,0
Martin,Florida,12085,160912,289.96,42,15,1.282970349,1.298209373,2.781735351,0,0
Miami-Dade,Florida,12086,2761581,1430.94,3363,23,1.423429463,1.436158513,1.96320559,0,0
Monroe,Florida,12087,75027,77.62,40,14,1.301466089,1.321790954,2.630625546,0,0
Nassau,Florida,12089,85832,124.23,19,24,1.1305282,1.119444821,5.649813921,0,0
Okaloosa,Florida,12091,207269,215.79,53,27,1.15840939,1.163490641,4.713752611,0,0
Orange,Florida,12095,1380645,1462.42,601,21,1.356211291,1.36887284,2.274888619,0,0
Osceola,Florida,12097,367990,255.09,201,21,1.287288836,1.29395938,2.744720706,0,0
Palm Beach,Florida,12099,1485941,734.24,856,22,1.317076741,1.37078775,2.516740043,0,0
Pasco,Florida,12101,539630,683.63,77,24,1.198405463,1.199105978,3.829713976,0,0
Pinellas,Florida,12103,975280,3498.46,318,24,1.235164725,1.275871761,3.28187941,0,0
Polk,Florida,12105,708009,371.93,126,17,1.329080262,1.33897829,2.436479572,0,0
St. Johns,Florida,12109,254261,392.08,119,23,1.230952153,1.236961571,3.335838711,0,0
Santa Rosa,Florida,12113,179349,168.49,48,29,1.142809484,1.144969878,5.192514721,0,0
Sarasota,Florida,12115,426718,741.44,124,22,1.206347281,1.252799021,3.694873137,0,0
Seminole,Florida,12117,467832,1471.72,163,22,1.26053231,1.269182974,2.993715312,0,0
Sumter,Florida,12119,128754,221.23,68,16,1.301762651,1.323543376,2.628352799,0,0
Volusia,Florida,12127,547538,479.22,125,27,1.195813175,1.197549343,3.876089023,0,0
Walton,Florida,12131,71375,63.47,19,16,1.202048802,1.226688678,3.766542614,0,0
Bartow,Georgia,13015,106408,225.48,159,23,1.188416071,1.26464661,4.015418891,0,0
Bibb,Georgia,13021,153095,614.55,34,15,1.265023503,1.269198567,2.948424483,0,0
Carroll,Georgia,13045,118121,232.47,147,14,1.182883824,1.459080775,4.126972289,0,0
Charlton,Georgia,13049,12968,16.78,1,24,0,0,Inf,0,0
Chatham,Georgia,13051,289195,673.13,65,14,1.282305983,1.348521848,2.787529811,0,0
Cherokee,Georgia,13057,254149,573.69,114,26,1.199807922,1.204565839,3.80512491,0,0
Clarke,Georgia,13059,127330,1045.32,59,19,1.194975644,1.257355043,3.891335043,0,0
Clayton,Georgia,13063,289615,1968.4,206,19,1.276258952,1.328042819,2.841546175,0,0
Cobb,Georgia,13067,756865,2194.25,422,27,1.250932265,1.257287231,3.09594002,0,0
Columbia,Georgia,13073,154291,507.76,33,16,1.244248487,1.250895224,3.171837811,0,0
Coweta,Georgia,13077,145864,318.71,56,20,1.181293737,1.229886712,4.160291954,0,0
Dawson,Georgia,13085,25083,113.18,13,14,1.201067408,1.205248128,3.783334162,0,0
DeKalb,Georgia,13089,756558,2777.42,483,25,1.245422437,1.290472652,3.158208811,0,0
Dougherty,Georgia,13095,91243,277.01,607,19,1.275053144,1.418073927,2.852600057,0,0
Douglas,Georgia,13097,145331,708.96,78,14,1.365053317,1.383287261,2.22738331,0,0
Early,Georgia,13099,10247,20.19,61,15,1.255894975,1.314521161,3.042141362,0,0
Effingham,Georgia,13103,62190,122.86,6,15,1.12687761,1.136997674,5.802792109,0,0
Fayette,Georgia,13113,113459,573.06,61,25,1.178726896,1.183054497,4.215327467,0,0
Floyd,Georgia,13115,97927,189.88,79,25,1.190981687,1.194033713,3.965873973,0,0
Forsyth,Georgia,13117,236612,981.52,61,18,1.256565093,1.268119137,3.035035776,0,0
Fulton,Georgia,13121,1050114,1940.44,910,32,1.210773358,1.24124938,3.624122859,0,0
Glynn,Georgia,13127,85219,200.06,23,15,1.176828532,1.245204786,4.257055839,0,0
Gordon,Georgia,13129,57685,159.61,21,21,1.118479586,1.165109283,6.190458434,0,0
Gwinnett,Georgia,13135,927781,2096.5,353,27,1.242687775,1.247431078,3.190160365,0,0
Hall,Georgia,13139,202148,498.91,81,18,1.276518007,1.290124147,2.839183891,0,0
Heard,Georgia,13149,11879,39.45,2,14,1.050756639,1.034471599,14,0,0
Henry,Georgia,13151,230220,687.02,143,21,1.266587068,1.270812261,2.933013599,0,0
Houston,Georgia,13153,155469,403.9,58,16,1.288885238,1.295248463,2.731316475,0,0
Lamar,Georgia,13171,19000,100.89,6,14,1.136533476,1.136201836,5.415939301,0,0
Laurens,Georgia,13175,47325,58.74,15,15,1.143766619,1.218425722,5.160152922,0,0
Lee,Georgia,13177,29764,82.49,123,23,1.232722831,1.236782861,3.312920698,0,0
Lincoln,Georgia,13181,7915,37.07,5,14,1.121828396,1.129342224,6.029471813,0,0
Lowndes,Georgia,13185,116321,230.98,32,23,1.162629406,1.16794013,4.6,0,0
Miller,Georgia,13201,5686,20.66,11,14,1.186820917,1.156984022,4.046907568,0,0
Monroe,Georgia,13207,27520,68.27,7,14,1.149116725,1.150458755,4.98690062,0,0
Muscogee,Georgia,13215,194160,908.89,31,14,1.277985232,1.285449726,2.825887212,0,0
Newton,Georgia,13217,109541,391.3,42,19,1.217402455,1.224484179,3.523531445,0,0
Oconee,Georgia,13219,39272,200.86,21,14,1.242923031,1.258577065,3.187383482,0,0
Paulding,Georgia,13223,164044,499.14,46,18,1.237016336,1.24213423,3.258766742,0,0
Peach,Georgia,13225,27297,179.45,10,15,1.165914401,1.170229036,4.515449935,0,0
Pickens,Georgia,13227,31980,132.86,9,14,1.113417484,1.182155631,6.451835889,0,0
Polk,Georgia,13233,42470,134.12,18,28,1.108743689,1.110505259,6.714749064,0,0
Randolph,Georgia,13243,6833,16.55,11,14,1.186820917,1.155770041,4.046907568,0,0
Richmond,Georgia,13245,201554,621.17,49,17,1.25725479,1.266066702,3.02776109,0,0
Rockdale,Georgia,13247,90594,685.79,67,15,1.323543807,1.334701011,2.472762851,0,0
Spalding,Georgia,13255,66100,329.41,23,14,1.190595211,1.261162948,3.973252117,0,0
Sumter,Georgia,13261,29733,62.88,67,14,1.285084756,1.351562207,2.763472863,0,0
Terrell,Georgia,13273,8611,26.41,50,14,1.258498951,1.341335898,3.014735907,0,0
Tift,Georgia,13277,40571,156.46,34,14,1.286445379,1.299821822,2.751862851,0,0
Troup,Georgia,13285,70034,168.54,30,18,1.207987087,1.205720784,3.668310848,0,0
Turner,Georgia,13287,7912,27.9,12,14,1.194220095,1.161393463,3.905201239,0,0
Whitfield,Georgia,13313,104062,357.53,15,17,1.172686266,1.179342767,4.351286422,0,0
Worth,Georgia,13321,20299,36.19,33,14,1.221695963,1.297163845,3.461581534,0,0
Hawaii,Hawaii,15001,200983,49.07,20,17,1.192699882,1.204145296,3.933429624,0,0
Honolulu,Hawaii,15003,980080,1644.03,237,28,1.215660879,1.22096589,3.549361301,0,0
Kauai,Hawaii,15007,72133,115.13,13,20,1.098109548,1.148462452,7.406201244,0,0
Maui,Hawaii,15009,167207,142.3,36,19,1.207565392,1.214050792,3.675101669,0,0
Ada,Idaho,16001,469966,423.77,351,21,1.321919779,1.328510365,2.483641313,0,0
Bingham,Idaho,16011,46236,21.75,2,14,1.050756639,1.042200961,14,0,0
Blaine,Idaho,16013,22601,8.32,405,20,1.304131099,1.357342408,2.610360121,0,0
Canyon,Idaho,16027,223499,361.32,89,14,1.377977554,1.396798577,2.161917279,0,0
Kootenai,Idaho,16055,161505,123.46,37,14,1.196559555,1.316871265,3.862611473,0,0
Madison,Idaho,16065,39304,82.49,4,17,1.084963914,1.086621526,8.5,0,0
Teton,Idaho,16081,11640,24.65,3,20,1.056467309,1.055680752,12.61859507,0,0
Twin Falls,Idaho,16083,86081,43.55,33,16,1.244248487,1.232485227,3.171837811,0,0
Adams,Illinois,17001,65691,77.67,2,14,1.050756639,1.053296589,14,0,0
Christian,Illinois,17021,32661,46.85,17,14,1.224303832,1.243311846,3.42510759,0,0
Clinton,Illinois,17027,37639,79.37,8,19,1.115657918,1.126086209,6.333333333,0,0
Cook,Illinois,17031,5180493,5525.84,6473,70,1.133559617,1.132360966,5.529130355,0,0
Cumberland,Illinois,17035,10808,31.4,1,20,0,0,Inf,0,0
DuPage,Illinois,17043,928589,2845.03,500,20,1.36442133,1.381305962,2.230702788,0,0
Jackson,Illinois,17077,57419,100.24,8,16,1.138788635,1.120459105,5.333333333,0,0
Kane,Illinois,17089,534216,1020.73,176,24,1.240403628,1.249678805,3.217403313,0,0
Kankakee,Illinois,17091,110024,164.16,68,16,1.301762651,1.317195083,2.628352799,0,0
Kendall,Illinois,17093,127915,389.05,37,16,1.170017963,1.261209543,4.414413112,0,0
Lake,Illinois,17097,700832,1585.91,608,23,1.321415163,1.333256662,2.487043715,0,0
LaSalle,Illinois,17099,109430,97.26,6,16,1.118496046,1.131344685,6.189644916,0,0
McHenry,Illinois,17111,308570,510.28,102,24,1.212527714,1.215044924,3.596892999,0,0
McLean,Illinois,17113,172828,146.38,35,14,1.167579038,1.296911236,4.473868271,0,0
Madison,Illinois,17119,264461,371.26,31,16,1.239396045,1.245908346,3.229585385,0,0
Peoria,Illinois,17143,180621,297.9,11,18,1.142497213,1.152479509,5.203166874,0,0
St. Clair,Illinois,17163,261059,400.55,57,20,1.18233962,1.235041997,4.138310605,0,0
Sangamon,Illinois,17167,195348,227.64,23,20,1.129886688,1.173682978,5.676074452,0,0
Washington,Illinois,17189,13995,25.16,1,16,0,0,Inf,0,0
Whiteside,Illinois,17195,55626,82.42,9,19,1.122595482,1.101495834,5.993832659,0,0
Will,Illinois,17197,692310,822.91,455,18,1.404970805,1.417947474,2.038569108,0,0
Williamson,Illinois,17199,67056,160.18,2,16,1.044273782,1.010449686,16,0,0
Winnebago,Illinois,17201,284081,557.45,28,19,1.191698005,1.190406839,3.952277356,0,0
Woodford,Illinois,17203,38463,73.55,4,20,1.071773463,1.072563382,10,0,0
Adams,Indiana,18001,35636,103.81,1,24,0,0,Inf,0,0
Allen,Indiana,18003,375351,562.93,58,14,1.336469778,1.349289354,2.389901915,0,0
Bartholomew,Indiana,18005,82753,201.26,23,18,1.190286606,1.183039605,3.97916513,0,0
Boone,Indiana,18011,66999,152.09,38,24,1.163655205,1.158903546,4.573233898,0,0
Clark,Indiana,18019,117360,310.31,55,16,1.284614051,1.293533639,2.767515047,0,0
Fayette,Indiana,18041,23047,108.17,13,16,1.173873935,1.17444231,4.323810471,0,0
Floyd,Indiana,18043,77781,519.21,37,18,1.222143826,1.224292159,3.45525696,0,0
Franklin,Indiana,18047,22736,59.42,48,17,1.205560185,1.27000674,3.707772964,0,0
Grant,Indiana,18053,65936,161.67,12,14,1.194220095,1.201237317,3.905201239,0,0
Hamilton,Indiana,18057,330086,801.73,220,19,1.328267065,1.341153285,2.441732641,0,0
Hendricks,Indiana,18063,167009,395.52,138,26,1.208656917,1.206391368,3.657580439,0,0
Howard,Indiana,18067,82366,281.13,25,23,1.150217578,1.150605219,4.952780418,0,0
Jennings,Indiana,18079,27611,73.63,31,16,1.239396045,1.235603005,3.229585385,0,0
Johnson,Indiana,18081,156225,473.01,136,23,1.180369989,1.24760629,4.17991796,0,0
Lake,Indiana,18089,484411,975.73,244,17,1.326560461,1.39547504,2.452841476,0,0
LaPorte,Indiana,18091,110007,184.78,17,20,1.152185608,1.139729389,4.893010842,0,0
Madison,Indiana,18095,129641,286.57,67,16,1.300557851,1.30850734,2.637613708,0,0
Marion,Indiana,18097,954670,2383.36,1429,28,1.296222998,1.305075023,2.671554288,0,0
Noble,Indiana,18113,47532,115.5,5,25,1.066494942,1.038874469,10.76691395,0,0
Owen,Indiana,18119,20845,54.19,13,15,1.186486743,1.201826371,4.053572316,0,0
St. Joseph,Indiana,18141,270771,588.05,72,23,1.204352412,1.209321855,3.727760061,0,0
Shelby,Indiana,18145,44593,107.99,26,14,1.262029553,1.272168175,2.97844475,0,0
Tippecanoe,Indiana,18157,193048,378.73,26,15,1.242600593,1.245320495,3.191190803,0,0
Vigo,Indiana,18167,107386,267.02,9,14,1.169930813,1.192279835,4.416508275,0,0
Wayne,Indiana,18177,65936,165.81,6,15,1.12687761,1.08295616,5.802792109,0,0
Wells,Indiana,18179,28206,75.92,2,20,1.035264924,1.023197995,20,0,0
Adair,Iowa,19001,7063,12.51,1,17,0,0,Inf,0,0
Allamakee,Iowa,19005,13832,21.72,16,19,1.115657918,1.152717513,6.333333333,0,0
Black Hawk,Iowa,19013,132408,235.09,8,17,1.130115783,1.143876648,5.666666667,0,0
Carroll,Iowa,19027,20154,35.73,1,22,0,0,Inf,0,0
Dallas,Iowa,19049,90180,142.75,33,20,1.191038217,1.198347878,3.964797263,0,0
Dubuque,Iowa,19061,96854,159.13,23,15,1.232485605,1.25549254,3.315970942,0,0
Harrison,Iowa,19085,14134,20.3,10,21,1.115883993,1.124540569,6.321629909,0,0
Johnson,Iowa,19103,151260,239.4,83,26,1.136213325,1.199153247,5.427887772,0,0
Muscatine,Iowa,19139,42929,98.18,22,15,1.228838601,1.240127058,3.363657363,0,0
Polk,Iowa,19153,487204,826.56,100,19,1.274274986,1.286687638,2.859784959,0,0
Pottawattamie,Iowa,19155,93533,98.4,6,25,1.074301173,1.06750836,9.671320181,0,0
Washington,Iowa,19183,22141,38.93,43,16,1.26500365,1.270918475,2.94862133,0,0
Winneshiek,Iowa,19191,20029,29.57,4,16,1.090507733,1.087436664,8,0,0
Butler,Kansas,20015,66765,46.49,7,21,1.097091282,1.088891708,7.480350929,0,0
Cherokee,Kansas,20021,20015,34.6,5,15,1.113263577,1.0993133,6.460148371,0,0
Douglas,Kansas,20045,121436,261.74,31,17,1.223847087,1.244122504,3.431434472,0,0
Ford,Kansas,20057,33888,31.4,2,17,1.041616011,1.009317572,17,0,0
Franklin,Kansas,20059,25631,44.71,9,20,1.116123174,1.112915985,6.309297536,0,0
Johnson,Kansas,20091,597555,1236.87,172,27,1.210033377,1.218401251,3.635744333,0,0
Leavenworth,Kansas,20103,81352,172.94,31,16,1.186849719,1.253321999,4.04633426,0,0
Linn,Kansas,20107,9750,16.22,5,15,1.113263577,1.13278998,6.460148371,0,0
Morris,Kansas,20127,5521,8.01,2,15,0,0,Inf,0,0
Reno,Kansas,20155,62342,50.27,9,14,1.169930813,1.18400746,4.416508275,0,0
Riley,Kansas,20161,73703,123.48,11,14,1.186820917,1.150555271,4.046907568,0,0
Sedgwick,Kansas,20173,513607,513.34,85,15,1.344707814,1.363479405,2.340315975,0,0
Wyandotte,Kansas,20209,165324,1084.07,131,22,1.248071897,1.252789975,3.127922207,0,0
Bourbon,Kentucky,21017,20184,69.53,6,20,1.093723548,1.086422835,7.737056145,0,0
Calloway,Kentucky,21035,39135,100.71,5,14,1.121828396,1.120610881,6.029471813,0,0
Christian,Kentucky,21047,71671,100.71,15,15,1.197860058,1.20047086,3.839370372,0,0
Clark,Kentucky,21049,36249,142.09,11,19,1.134514736,1.139602466,5.4922317,0,0
Daviess,Kentucky,21059,101104,218.04,44,15,1.286955445,1.308179844,2.747538764,0,0
Fayette,Kentucky,21067,323780,1123.69,124,28,1.187859459,1.19572537,4.026345928,0,0
Franklin,Kentucky,21073,50815,242.1,7,16,1.129324181,1.133023682,5.699314994,0,0
Harrison,Kentucky,21097,18778,60.93,19,26,1.119909248,1.125924627,6.120631748,0,0
Henderson,Kentucky,21101,45591,105.66,7,15,1.138517916,1.155225963,5.343107807,0,0
Jefferson,Kentucky,21111,770517,2016.62,249,26,1.236407166,1.245133529,3.266330865,0,0
Kenton,Kentucky,21117,166051,1027.7,31,16,1.239396045,1.256707623,3.229585385,0,0
Lyon,Kentucky,21143,8009,38.28,2,17,1.041616011,1.024625756,17,0,0
Montgomery,Kentucky,21173,28203,140.65,6,22,1.084852043,1.072803981,8.510761759,0,0
Nelson,Kentucky,21179,45851,108.71,4,20,1.071773463,1.068933099,10,0,0
Pulaski,Kentucky,21199,64623,97.42,11,15,1.173346221,1.187998823,4.335972395,0,0
Scott,Kentucky,21209,56031,189.93,8,15,1.148698355,1.159707551,5,0,0
Warren,Kentucky,21227,131264,233.43,18,16,1.197993693,1.213053084,3.836999465,0,0
Ascension,Louisiana,22005,124672,417.88,222,18,1.350059605,1.370188935,2.309345602,0,0
Assumption,Louisiana,22007,22300,67.07,33,15,1.26250836,1.272724537,2.973597948,0,0
Bossier,Louisiana,22015,127185,150.15,95,20,1.255700827,1.267160224,3.044206934,0,0
Caddo,Louisiana,22017,242922,282.7,377,23,1.294240069,1.305592958,2.687411705,0,0
Calcasieu,Louisiana,22019,203112,188.2,119,15,1.375212456,1.389804635,2.175546985,0,0
Catahoula,Louisiana,22025,9608,13.97,6,14,1.136533476,1.114114234,5.415939301,0,0
De Soto,Louisiana,22031,27436,31.08,46,14,1.251025822,1.334597994,3.094906212,0,0
East Baton Rouge,Louisiana,22033,440956,975.23,389,17,1.420201531,1.434382589,1.975911008,0,0
Iberia,Louisiana,22045,70941,126.61,78,15,1.337025346,1.340557093,2.386482118,0,0
Iberville,Louisiana,22047,32721,53.27,81,15,1.340393566,1.343455396,2.365986576,0,0
Jefferson,Louisiana,22051,434051,1472.44,2495,25,1.367359845,1.373034045,2.215364615,0,0
Lafayette,Louisiana,22055,242782,893.46,276,15,1.351820999,1.46672581,2.29935733,0,0
Lafourche,Louisiana,22057,98115,91.94,185,20,1.298250763,1.29790669,2.655555306,0,0
Livingston,Louisiana,22063,139567,213.08,40,15,1.278804039,1.283920028,2.818527371,0,0
Orleans,Louisiana,22071,391006,2299.85,3476,24,1.313473273,1.415353377,2.542027049,0,0
Plaquemines,Louisiana,22075,23410,29.97,75,15,1.333533973,1.341625601,2.408161282,0,0
Rapides,Louisiana,22079,130562,99.81,81,14,1.302621422,1.393453713,2.621796491,0,0
St. Bernard,Louisiana,22087,46721,121.04,196,19,1.320216196,1.321458518,2.495170583,0,0
St. Charles,Louisiana,22089,52879,188.92,210,21,1.289976715,1.283697519,2.722236407,0,0
St. James,Louisiana,22093,21037,88.42,116,15,1.372873533,1.393474219,2.187232658,0,0
St. John the Baptist,Louisiana,22095,43184,203.9,290,20,1.327760975,1.328077076,2.445014948,0,0
St. Landry,Louisiana,22097,82764,90.32,68,15,1.265023503,1.327346265,2.948424483,0,0
St. Tammany,Louisiana,22103,258111,298.14,435,21,1.292134088,1.34332182,2.704487737,0,0
Tangipahoa,Louisiana,22105,133777,164.93,55,14,1.331409406,1.332948994,2.421575666,0,0
Terrebonne,Louisiana,22109,111021,91.4,102,21,1.246371837,1.245578992,3.147281374,0,0
Washington,Louisiana,22117,46582,69.39,57,17,1.268489148,1.270382157,2.91450721,0,0
Webster,Louisiana,22119,38798,66.83,23,15,1.232485605,1.240084787,3.315970942,0,0
West Baton Rouge,Louisiana,22121,26427,134.41,23,15,1.176828532,1.238115834,4.257055839,0,0
Androscoggin,Maine,23001,107679,229.62,19,22,1.14320776,1.133127748,5.178996094,0,0
Cumberland,Maine,23005,293557,348.34,222,21,1.293394751,1.310037022,2.694236535,0,0
Kennebec,Maine,23011,122083,140.11,19,17,1.189106629,1.198239088,4.001951527,0,0
Lincoln,Maine,23015,34342,74.74,8,19,1.115657918,1.129900294,6.333333333,0,0
Oxford,Maine,23017,57618,27.6,10,17,1.14504757,1.162800625,5.117509926,0,0
Penobscot,Maine,23019,151096,44.67,20,16,1.205908551,1.20899115,3.702051411,0,0
York,Maine,23031,206229,205.01,89,17,1.30217694,1.315079573,2.625185268,0,0
Anne Arundel,Maryland,24003,576031,1368.27,249,21,1.300483154,1.30544012,2.638190314,0,0
Baltimore,Maryland,24005,828431,1383.29,427,23,1.301267039,1.306391411,2.632153486,0,0
Calvert,Maryland,24009,92003,427.31,30,15,1.254511799,1.25377882,3.056925706,0,0
Carroll,Maryland,24013,168429,374.27,129,20,1.275056664,1.285248855,2.852567642,0,0
Charles,Maryland,24017,161503,344.45,90,21,1.238965368,1.23525853,3.234823661,0,0
Frederick,Maryland,24021,255648,376.35,54,18,1.248084811,1.252602034,3.127776172,0,0
Harford,Maryland,24025,253956,574.31,41,26,1.153533332,1.154257531,4.852962692,0,0
Howard,Maryland,24027,323196,1257.58,166,19,1.308723178,1.32434213,2.576257412,0,0
Montgomery,Maryland,24031,1052567,2117.3,566,29,1.198042563,1.251326415,3.836133224,0,0
Prince George's,Maryland,24033,909308,1877.4,563,25,1.288309875,1.29465607,2.736130493,0,0
Talbot,Maryland,24041,36968,138.57,5,18,1.09353243,1.079257381,7.752178045,0,0
Wicomico,Maryland,24045,103195,272.86,7,15,1.138517916,1.161840238,5.343107807,0,0
Worcester,Maryland,24047,51823,110.11,5,14,1.121828396,1.120356456,6.029471813,0,0
Baltimore city,Maryland,24510,602495,7594.17,313,19,1.353145317,1.363034274,2.291912763,0,0
Barnstable,Massachusetts,25001,213413,542.74,314,20,1.333050133,1.346672922,2.41120126,0,0
Berkshire,Massachusetts,25003,126348,137.38,240,27,1.225056085,1.232686365,3.414743087,0,0
Bristol,Massachusetts,25005,564022,1010.5,517,20,1.366704194,1.377448693,2.218765762,0,0
Essex,Massachusetts,25009,790638,1585.63,1238,24,1.34543698,1.355062438,2.336040246,0,0
Franklin,Massachusetts,25011,70963,101.43,89,16,1.323844195,1.341801169,2.470762605,0,0
Hampden,Massachusetts,25013,470406,760.14,661,19,1.407445723,1.418247227,2.028071398,0,0
Hampshire,Massachusetts,25015,161355,305.66,114,15,1.371282678,1.385873389,2.195264371,0,0
Middlesex,Massachusetts,25017,1614714,1950.55,2202,29,1.303975893,1.310736785,2.61153065,0,0
Norfolk,Massachusetts,25021,705388,1762.79,1045,32,1.242645879,1.249106029,3.190655455,0,0
Plymouth,Massachusetts,25023,518132,777.05,745,19,1.33676318,1.431092016,2.388094485,0,0
Suffolk,Massachusetts,25025,807252,13614.92,2183,62,1.132024185,1.129092603,5.58956555,0,0
Worcester,Massachusetts,25027,830839,544.28,825,26,1.294706432,1.299200468,2.683663115,0,0
Bay,Michigan,26017,103923,236.91,18,21,1.147558624,1.13668729,5.036061798,0,0
Charlevoix,Michigan,26029,26244,62.98,5,21,1.079653224,1.084527055,9.04420772,0,0
Clinton,Michigan,26037,79332,137.53,49,15,1.296223046,1.302263345,2.671553903,0,0
Eaton,Michigan,26045,109826,189.78,47,15,1.234253945,1.290566157,3.293381793,0,0
Genesee,Michigan,26049,406892,642.66,422,15,1.496307422,1.510069579,1.719966678,0,0
Ingham,Michigan,26065,292735,520.69,152,22,1.256535343,1.260607673,3.035350445,0,0
Jackson,Michigan,26075,158823,226.48,69,17,1.282825528,1.296542882,2.782996143,0,0
Kent,Michigan,26081,653786,759.36,136,22,1.189300801,1.262668865,3.998182397,0,0
Leelanau,Michigan,26089,21764,62.33,1,21,0,0,Inf,0,0
Livingston,Michigan,26093,191224,333.45,121,15,1.279511738,1.398131036,2.812200815,0,0
Macomb,Michigan,26099,874759,1812.73,1560,21,1.419232515,1.431520679,1.979762992,0,0
Midland,Michigan,26111,83209,161.53,16,15,1.203025036,1.212614872,3.75,0,0
Monroe,Michigan,26115,150439,272.48,95,20,1.255700827,1.258361899,3.044206934,0,0
Montcalm,Michigan,26117,63968,89.61,12,22,1.119576291,1.104668567,6.136744804,0,0
Oakland,Michigan,26125,1259201,1441.62,2540,24,1.386334629,1.398976998,2.121900949,0,0
Otsego,Michigan,26137,24665,47.38,20,17,1.192699882,1.211245709,3.933429624,0,0
Ottawa,Michigan,26139,290494,504.08,37,19,1.209308019,1.224686884,3.64721568,0,0
St. Clair,Michigan,26147,159337,221.26,66,22,1.209780396,1.205698061,3.639736186,0,0
Washtenaw,Michigan,26161,370963,518.38,477,22,1.282530358,1.336571742,2.785569827,0,0
Wayne,Michigan,26163,1753893,2877.7,6096,24,1.437838826,1.450397263,1.908754051,0,0
Anoka,Minnesota,27003,353813,821.33,34,24,1.158274837,1.158822347,4.717479174,0,0
Benton,Minnesota,27009,40545,97.43,1,18,0,0,Inf,0,0
Blue Earth,Minnesota,27013,67427,88.68,10,18,1.136463666,1.151522315,5.418539922,0,0
Carver,Minnesota,27019,103551,283.4,11,26,1.096613441,1.105053088,7.515685484,0,0
Chisago,Minnesota,27025,55922,131.92,4,14,1.104089514,1.100215897,7,0,0
Clay,Minnesota,27027,63955,60.08,8,14,1.160129386,1.169840131,4.666666667,0,0
Dakota,Minnesota,27037,425423,743.91,54,22,1.198795685,1.213238887,3.822837543,0,0
Fillmore,Minnesota,27045,21058,24.25,9,14,1.113417484,1.186258258,6.451835889,0,0
Hennepin,Minnesota,27053,1259428,2231.75,242,22,1.283379932,1.302492797,2.778176531,0,0
Martin,Minnesota,27091,19785,28.03,32,17,1.177146694,1.242901323,4.25,0,0
Mower,Minnesota,27099,40011,55.67,15,15,1.197860058,1.220574333,3.839370372,0,0
Nicollet,Minnesota,27103,34220,75.33,3,17,1.066758117,1.084652752,10.72580581,0,0
Olmsted,Minnesota,27109,156277,234.28,76,23,1.207186872,1.215239782,3.681220685,0,0
Ramsey,Minnesota,27123,550210,3557.48,71,28,1.164438,1.172227778,4.553032744,0,0
Renville,Minnesota,27129,14612,14.98,2,20,1.035264924,1.013005335,20,0,0
Rice,Minnesota,27131,66523,132.68,3,16,1.071075483,1.087454703,10.09487606,0,0
Scott,Minnesota,27139,147381,402.19,11,15,1.173346221,1.193469805,4.335972395,0,0
Stearns,Minnesota,27145,159256,116.76,5,22,1.04252909,1.092572508,16.64235754,0,0
Waseca,Minnesota,27161,18691,44.43,3,19,1.059526065,1.070643908,11.98766532,0,0
Washington,Minnesota,27163,259201,659.2,51,19,1.22990655,1.242250642,3.349537253,0,0
Wright,Minnesota,27171,136349,200.69,7,21,1.097091282,1.104626819,7.480350929,0,0
Adams,Mississippi,28001,31192,68.22,14,14,1.207442027,1.218245929,3.677093491,0,0
Bolivar,Mississippi,28011,31333,37.18,32,16,1.189207115,1.249048401,4,0,0
Coahoma,Mississippi,28027,22628,43.09,26,16,1.173873935,1.24495632,4.323810471,0,0
Copiah,Mississippi,28029,28543,36.95,11,21,1.120960032,1.128615016,6.070361353,0,0
DeSoto,Mississippi,28033,182001,369.91,111,16,1.342247755,1.365898606,2.354874991,0,0
Forrest,Mississippi,28035,75036,161.94,30,23,1.159371615,1.16717077,4.687286083,0,0
Franklin,Mississippi,28037,7788,13.76,3,14,1.0816334,1.103901193,8.83301655,0,0
Hancock,Mississippi,28045,47334,98.48,28,18,1.203365811,1.20462126,3.744262758,0,0
Harrison,Mississippi,28047,206650,353.01,69,17,1.282825528,1.295274602,2.782996143,0,0
Hinds,Mississippi,28049,237085,277.98,139,19,1.25010522,1.308275389,3.105112433,0,0
Holmes,Mississippi,28051,17622,23.89,16,15,1.203025036,1.228704045,3.75,0,0
Humphreys,Mississippi,28053,8257,20.4,4,14,1.104089514,1.102009784,7,0,0
Jackson,Mississippi,28059,143277,196.49,75,17,1.289132987,1.295849221,2.729249452,0,0
Jones,Mississippi,28067,68461,98.52,8,15,1.148698355,1.146577937,5,0,0
Lafayette,Mississippi,28071,54793,84.63,21,14,1.242923031,1.255268742,3.187383482,0,0
Lawrence,Mississippi,28077,12455,29.33,5,14,1.121828396,1.146994613,6.029471813,0,0
Lee,Mississippi,28081,85202,188.72,26,14,1.262029553,1.29090792,2.97844475,0,0
Leflore,Mississippi,28083,28919,50.3,21,21,1.156013281,1.170457773,4.781075223,0,0
Madison,Mississippi,28089,105630,144.85,65,16,1.298096816,1.313353978,2.656762339,0,0
Marshall,Mississippi,28093,35451,50.68,19,14,1.234069284,1.251880187,3.295724787,0,0
Monroe,Mississippi,28095,35564,46.84,12,18,1.148033375,1.139194352,5.020973022,0,0
Pearl River,Mississippi,28109,55387,68.01,41,21,1.193436267,1.202135913,3.919700636,0,0
Perry,Mississippi,28111,11931,18.58,11,16,1.161681419,1.128494089,4.625037221,0,0
Pike,Mississippi,28113,39563,97.15,21,14,1.242923031,1.268248386,3.187383482,0,0
Rankin,Mississippi,28121,153902,195.03,64,14,1.24432196,1.362579143,3.170980994,0,0
Scott,Mississippi,28123,28287,46.64,17,15,1.207897071,1.208711983,3.669758132,0,0
Smith,Mississippi,28129,16002,25.25,6,14,1.136533476,1.096216748,5.415939301,0,0
Tippah,Mississippi,28139,21995,48.03,30,14,1.178768635,1.30255362,4.214419939,0,0
Walthall,Mississippi,28147,14465,36.15,11,15,1.173346221,1.170843398,4.335972395,0,0
Wilkinson,Mississippi,28157,8792,13.26,22,15,1.228838601,1.236288289,3.363657363,0,0
Winston,Mississippi,28159,18165,30.23,11,15,1.173346221,1.173601066,4.335972395,0,0
Yazoo,Mississippi,28163,28248,30.31,13,15,1.186486743,1.187508956,4.053572316,0,0
Boone,Missouri,29019,180005,257.53,74,17,1.288115503,1.310435182,2.73776112,0,0
Cass,Missouri,29037,104954,147.35,21,18,1.184286088,1.190331901,4.098064477,0,0
Christian,Missouri,29043,86983,149.78,13,14,1.143050031,1.216527944,5.184340871,0,0
Cole,Missouri,29051,76796,194.9,26,17,1.211249822,1.230143151,3.61668291,0,0
Dunklin,Missouri,29069,29423,56.24,7,14,1.149116725,1.150849848,4.98690062,0,0
Greene,Missouri,29077,291923,427.11,60,22,1.204550624,1.216205617,3.724463767,0,0
Henry,Missouri,29083,21792,31.23,1,21,0,0,Inf,0,0
Jackson,Missouri,29095,700307,1144.82,120,17,1.27232228,1.337238437,2.877994729,0,0
Pulaski,Missouri,29169,52014,96.13,10,14,1.178768635,1.18444225,4.214419939,0,0
St. Charles,Missouri,29183,399182,695.86,132,16,1.356862596,1.369130806,2.271309601,0,0
St. Louis,Missouri,29189,996945,1966.69,794,27,1.28056244,1.285872203,2.802866549,0,0
Scott,Missouri,29201,38458,92.21,7,14,1.149116725,1.15187279,4.98690062,0,0
St. Louis city,Missouri,29510,302838,5027.92,275,16,1.420555786,1.428801651,1.974507185,0,0
Broadwater,Montana,30007,6085,4.89,4,15,1.09682498,1.094892381,7.5,0,0
Flathead,Montana,30029,102106,19.28,20,15,1.2210553,1.227600234,3.470673197,0,0
Gallatin,Montana,30031,111876,40.24,101,21,1.24578723,1.257991858,3.154000148,0,0
Lewis and Clark,Montana,30049,68700,19.39,13,21,1.129912782,1.140952255,5.675001243,0,0
Madison,Montana,30057,8768,2.29,6,15,1.12687761,1.137503412,5.802792109,0,0
Missoula,Montana,30063,118791,44.72,17,20,1.112937936,1.161552375,6.477810755,0,0
Roosevelt,Montana,30085,11059,4.77,1,15,0,0,Inf,0,0
Silver Bow,Montana,30093,34993,48.46,11,21,1.120960032,1.130305429,6.070361353,0,0
Yellowstone,Montana,30111,160137,59.93,38,21,1.189125768,1.200747035,4.001579661,0,0
Adams,Nebraska,31001,31511,56.07,6,16,1.118496046,1.106207692,6.189644916,0,0
Buffalo,Nebraska,31019,49615,50.64,10,14,1.178768635,1.179618924,4.214419939,0,0
Cass,Nebraska,31025,26159,46.11,2,22,1.03200828,1.037873958,22,0,0
Douglas,Nebraska,31055,566880,1689.71,138,46,1.058717228,1.11468982,12.14811287,0,0
Knox,Nebraska,31107,8419,7.63,2,17,1.041616011,1.055266414,17,0,0
Lancaster,Nebraska,31109,317272,370.24,14,14,1.207442027,1.208990351,3.677093491,0,0
Lincoln,Nebraska,31111,35185,13.82,14,16,1.179323635,1.170627837,4.202392561,0,0
Nemaha,Nebraska,31127,6958,17.19,1,15,0,0,Inf,0,0
Sarpy,Nebraska,31153,184459,746.27,26,17,1.211249822,1.215295934,3.61668291,0,0
Clark,Nevada,32003,2231647,271.38,1279,29,1.279774543,1.287235581,2.809859551,0,0
Elko,Nevada,32007,52460,3.04,7,15,1.138517916,1.133940835,5.343107807,0,0
Nye,Nevada,32023,45346,2.4,7,14,1.149116725,1.10627855,4.98690062,0,0
Washoe,Nevada,32031,465735,71.48,229,29,1.206073117,1.206139383,3.69935529,0,0
Carson City,Nevada,32510,55414,376.51,9,22,1.105031503,1.098688495,6.940227289,0,0
Belknap,New Hampshire,33001,61022,151.51,14,16,1.129324181,1.197499193,5.699314994,0,0
Carroll,New Hampshire,33003,48779,51.38,17,18,1.170464573,1.176880745,4.403709758,0,0
Cheshire,New Hampshire,33005,76493,107.92,9,14,1.169930813,1.162080176,4.416508275,0,0
Grafton,New Hampshire,33009,89786,52.56,38,32,1.120387455,1.128819546,6.097645198,0,0
Hillsborough,New Hampshire,33011,415247,469.2,194,19,1.319503715,1.326972991,2.500028671,0,0
Merrimack,New Hampshire,33013,151132,159.99,36,16,1.251033405,1.263864522,3.094822458,0,0
Rockingham,New Hampshire,33015,309176,439.21,190,27,1.214502132,1.22135912,3.566778734,0,0
Atlantic,New Jersey,34001,265429,483.24,75,16,1.222844545,1.30690523,3.445412465,0,0
Bergen,New Jersey,34003,936692,3991.26,4866,30,1.327106379,1.334239726,2.449275383,0,0
Burlington,New Jersey,34005,445384,558.95,367,24,1.242562291,1.283003229,3.191643744,0,0
Camden,New Jersey,34007,507078,2293.05,406,28,1.239257751,1.241487089,3.231265385,0,0
Cape May,New Jersey,34009,92560,372.7,44,15,1.286955445,1.281091852,2.747538764,0,0
Cumberland,New Jersey,34011,150972,317.14,36,14,1.291708342,1.298960276,2.707969651,0,0
Essex,New Jersey,34013,799767,6287.46,3067,22,1.440412859,1.454200561,1.899398784,0,0
Gloucester,New Jersey,34015,291408,903.25,183,17,1.304300652,1.374741079,2.609082742,0,0
Hudson,New Jersey,34017,676061,14475.35,2835,25,1.374365113,1.381664572,2.179763715,0,0
Hunterdon,New Jersey,34019,124714,292.3,148,18,1.319988341,1.333906687,2.496721885,0,0
Mercer,New Jersey,34021,369811,1642.17,484,20,1.362204367,1.371965357,2.242438242,0,0
Middlesex,New Jersey,34023,829685,2676.14,2125,23,1.353877962,1.406599934,2.287818027,0,0
Monmouth,New Jersey,34025,621354,1329.77,1743,25,1.311024162,1.358785232,2.559546085,0,0
Morris,New Jersey,34027,494228,1074.33,1298,22,1.38520001,1.39745484,2.127232756,0,0
Ocean,New Jersey,34029,601651,941.41,1685,21,1.424451328,1.437473289,1.95922336,0,0
Passaic,New Jersey,34031,503310,2730.56,2216,26,1.344855922,1.351151072,2.339446031,0,0
Somerset,New Jersey,34035,331164,1093.97,641,18,1.325832864,1.449397216,2.457612819,0,0
Sussex,New Jersey,34037,140799,274.17,210,15,1.363785138,1.448124156,2.234055928,0,0
Union,New Jersey,34039,558067,5377.14,2487,25,1.367184202,1.374636554,2.21627457,0,0
Warren,New Jersey,34041,105779,297.81,149,17,1.342253319,1.349769816,2.354841829,0,0
Bernalillo,New Mexico,35001,678701,583.8,202,23,1.259600047,1.266963619,3.003312203,0,0
Do√±a Ana,New Mexico,35013,217522,56.56,22,14,1.247059957,1.27495974,3.139413539,0,0
McKinley,New Mexico,35031,72290,13.37,32,14,1.28088669,1.280014486,2.8,0,0
Sandoval,New Mexico,35043,145179,37.94,66,20,1.191038217,1.222902801,3.964797263,0,0
San Miguel,New Mexico,35047,27591,5.94,1,15,0,0,Inf,0,0
Santa Fe,New Mexico,35049,150056,77.99,52,23,1.187432253,1.198329081,4.034776462,0,0
Socorro,New Mexico,35053,16735,2.56,4,23,1.030595545,1.057723625,23,0,0
Taos,New Mexico,35055,32835,14.93,13,17,1.162856379,1.176760624,4.594048625,0,0
Albany,New York,36001,307117,588.03,267,22,1.249144801,1.309575511,3.115840168,0,0
Allegany,New York,36003,46430,45.69,12,18,1.104665079,1.146434402,6.96335053,0,0
Broome,New York,36007,191659,275.45,46,20,1.210982568,1.225056821,3.620851936,0,0
Chenango,New York,36017,47536,54.11,28,16,1.231536753,1.244842643,3.328233563,0,0
Clinton,New York,36019,80695,77.85,25,17,1.208458568,1.225651163,3.660750744,0,0
Columbia,New York,36021,59916,95.98,41,14,1.303763586,1.332374954,2.613133757,0,0
Delaware,New York,36025,44527,31.55,23,22,1.153178986,1.153754615,4.863424048,0,0
Dutchess,New York,36027,293718,369.39,809,22,1.355749579,1.364954678,2.277433681,0,0
Erie,New York,36029,919719,882.2,802,19,1.341960206,1.437724605,2.356590338,0,0
Essex,New York,36031,37300,21.04,6,16,1.118496046,1.1320876,6.189644916,0,0
Fulton,New York,36035,53591,108.47,6,14,1.136533476,1.101314688,5.415939301,0,0
Genesee,New York,36037,57511,117.89,17,14,1.224303832,1.2352937,3.42510759,0,0
Greene,New York,36039,47491,73.58,21,19,1.131740363,1.177765386,5.600890964,0,0
Hamilton,New York,36041,4434,2.66,2,16,1.044273782,1.058553662,16,0,0
Herkimer,New York,36043,61833,44.28,16,22,1.134312522,1.141296985,5.5,0,0
Jefferson,New York,36045,111755,90.22,15,16,1.184419922,1.19352723,4.095328397,0,0
Livingston,New York,36051,63227,101.16,18,16,1.197993693,1.206801232,3.836999465,0,0
Monroe,New York,36055,742474,1132.44,464,23,1.305977108,1.316724132,2.596528488,0,0
Montgomery,New York,36057,49455,122.63,8,19,1.115657918,1.124417216,6.333333333,0,0
Nassau,New York,36059,1358343,4764.62,12024,29,1.382583417,1.394891341,2.139648309,0,0
Niagara,New York,36063,210433,405.28,91,14,1.276002245,1.394920241,2.843891403,0,0
Oneida,New York,36065,229577,190.35,68,14,1.286445379,1.37107581,2.751862851,0,0
Onondaga,New York,36067,461809,596.41,301,18,1.373087263,1.393538292,2.186158786,0,0
Ontario,New York,36069,109864,169.97,31,18,1.210189631,1.222085383,3.633283558,0,0
Orange,New York,36071,381951,465.98,2397,22,1.424364937,1.439503281,1.959559293,0,0
Putnam,New York,36079,98892,430.16,236,19,1.285424051,1.354922057,2.760567396,0,0
Rensselaer,New York,36083,159442,244.36,71,17,1.284983497,1.303851246,2.764341309,0,0
Rockland,New York,36087,325695,1865.09,4289,28,1.315151941,1.358848844,2.530175597,0,0
Saratoga,New York,36091,230163,280.72,132,27,1.16785928,1.211557469,4.466948956,0,0
Schenectady,New York,36093,155350,757.32,101,21,1.24578723,1.26564608,3.154000148,0,0
Schoharie,New York,36095,31097,50.44,8,15,1.148698355,1.159895604,5,0,0
Suffolk,New York,36103,1481093,1631.38,10154,26,1.425940582,1.438891624,1.953453626,0,0
Sullivan,New York,36105,75498,77.69,156,17,1.345883067,1.36677784,2.333433281,0,0
Tioga,New York,36107,48560,94.57,8,20,1.109569472,1.106014066,6.666666667,0,0
Tompkins,New York,36109,102793,216.92,87,20,1.250189833,1.264448471,3.104171255,0,0
Ulster,New York,36111,178599,159.49,243,26,1.235247795,1.249123309,3.280834719,0,0
Warren,New York,36113,64265,74.38,19,16,1.202048802,1.22382207,3.766542614,0,0
Washington,New York,36115,61197,74.39,13,16,1.173873935,1.181931464,4.323810471,0,0
Wayne,New York,36117,90064,150.47,27,15,1.24573094,1.26248517,3.154648768,0,0
Westchester,New York,36119,967612,2250.46,12350,30,1.272274477,1.384291438,2.878443774,0,0
Wyoming,New York,36121,40085,68.44,15,17,1.172686266,1.177226924,4.351286422,0,0
Brunswick,North Carolina,37019,136744,149.78,22,20,1.167135111,1.170333532,4.484876484,0,0
Cabarrus,North Carolina,37025,211342,556.87,56,22,1.200779022,1.208751078,3.788299543,0,0
Carteret,North Carolina,37031,69524,136.14,14,14,1.207442027,1.223720683,3.677093491,0,0
Chatham,North Carolina,37037,73139,102.31,19,28,1.110886711,1.113612037,6.591449574,0,0
Craven,North Carolina,37049,102912,145.4,11,20,1.127378204,1.112760142,5.781296526,0,0
Davidson,North Carolina,37057,166614,297.94,43,14,1.308206547,1.314903133,2.580043664,0,0
Durham,North Carolina,37063,316739,1071.62,159,18,1.325256186,1.345573382,2.461409558,0,0
Forsyth,North Carolina,37067,379099,910.39,63,22,1.169782245,1.211879171,4.420084934,0,0
Franklin,North Carolina,37069,67560,132,13,14,1.087835174,1.212446902,8.233164546,0,0
Gaston,North Carolina,37071,222846,608.34,37,16,1.253177555,1.267197729,3.07133952,0,0
Guilford,North Carolina,37081,533670,810.87,79,16,1.314019146,1.32887029,2.538159343,0,0
Harnett,North Carolina,37085,134214,219.1,19,20,1.11914454,1.174046093,6.157772893,0,0
Hoke,North Carolina,37093,54764,136.25,9,16,1.14720269,1.127930795,5.047438029,0,0
Iredell,North Carolina,37097,178435,300.65,36,17,1.23465951,1.245423468,3.288248861,0,0
Johnston,North Carolina,37101,202675,241.59,24,22,1.155412002,1.152624518,4.798294424,0,0
Lincoln,North Carolina,37109,83770,273.35,9,16,1.14720269,1.12869974,5.047438029,0,0
Mecklenburg,North Carolina,37119,1093901,2012.65,564,22,1.292334563,1.34874456,2.702851674,0,0
Moore,North Carolina,37125,98682,137.04,8,16,1.138788635,1.150065736,5.333333333,0,0
New Hanover,North Carolina,37129,232274,1170.71,36,16,1.251033405,1.268723706,3.094822458,0,0
Onslow,North Carolina,37133,197683,254.23,9,22,1.105031503,1.100829507,6.940227289,0,0
Orange,North Carolina,37135,146027,359.18,44,14,1.211460859,1.332950789,3.613398268,0,0
Pasquotank,North Carolina,37139,39639,174.01,7,14,1.149116725,1.135109822,4.98690062,0,0
Pitt,North Carolina,37147,179914,272.05,31,14,1.277985232,1.298065023,2.825887212,0,0
Rowan,North Carolina,37159,141262,273,36,14,1.291708342,1.303389517,2.707969651,0,0
Sampson,North Carolina,37163,63626,67.28,1,17,0,0,Inf,0,0
Stanly,North Carolina,37167,62075,154.69,7,14,1.149116725,1.145877151,4.98690062,0,0
Wake,North Carolina,37183,1092305,1253.03,258,31,1.19617352,1.201517142,3.869569419,0,0
Watauga,North Carolina,37189,55945,173.14,7,19,1.107844598,1.111971108,6.767936555,0,0
Wayne,North Carolina,37191,123248,224.2,9,21,1.110299437,1.087923157,6.624762413,0,0
Wilson,North Carolina,37195,81455,220.92,20,19,1.170779914,1.173326927,4.39618605,0,0
Burleigh,North Dakota,38015,95273,57.41,32,17,1.177146694,1.253271335,4.25,0,0
Cass,North Dakota,38017,181516,98.7,46,17,1.252590992,1.262944901,3.077724145,0,0
Morton,North Dakota,38059,31095,15.86,16,16,1.138788635,1.209258557,5.333333333,0,0
Pierce,North Dakota,38069,4081,4.13,2,14,1.050756639,1.06685211,14,0,0
Ramsey,North Dakota,38071,11481,9.74,3,14,1.0816334,1.1010919,8.83301655,0,0
Ward,North Dakota,38101,67744,34.29,14,23,1.121583609,1.119703314,6.040939306,0,0
Ashland,Ohio,39005,53745,126.44,3,16,1.071075483,1.065119975,10.09487606,0,0
Ashtabula,Ohio,39007,97493,139.81,9,14,1.169930813,1.177387018,4.416508275,0,0
Belmont,Ohio,39013,67505,128.68,13,20,1.098109548,1.139029211,7.406201244,0,0
Butler,Ohio,39017,382378,809.95,49,20,1.133461582,1.226310003,5.532947557,0,0
Clark,Ohio,39023,134585,340.14,7,16,1.129324181,1.137705658,5.699314994,0,0
Columbiana,Ohio,39029,102665,195.53,28,14,1.268727726,1.272320646,2.912204367,0,0
Coshocton,Ohio,39031,36629,64.86,8,17,1.084963914,1.134524806,8.5,0,0
Cuyahoga,Ohio,39035,1243857,2742.36,780,25,1.249104963,1.316023765,3.116286935,0,0
Darke,Ohio,39037,51323,86.5,26,17,1.211249822,1.207484152,3.61668291,0,0
Delaware,Ohio,39041,204826,444.62,61,16,1.292954121,1.30612628,2.697809579,0,0
Franklin,Ohio,39049,1310300,2396.39,503,20,1.364829495,1.379449756,2.228557618,0,0
Geauga,Ohio,39055,94031,234.81,35,18,1.218376624,1.22582458,3.509262394,0,0
Hamilton,Ohio,39061,816684,2000.53,220,15,1.368021257,1.448693541,2.21194578,0,0
Huron,Ohio,39077,58504,118.94,5,16,1.105823017,1.104955192,6.890824929,0,0
Lake,Ohio,39085,230514,1011.25,66,17,1.279475565,1.293893758,2.812523417,0,0
Lorain,Ohio,39093,309461,624.54,95,20,1.255700827,1.275185327,3.044206934,0,0
Lucas,Ohio,39095,429899,1268.51,233,19,1.332286662,1.342869628,2.416016057,0,0
Mahoning,Ohio,39099,229642,561.35,203,17,1.366894705,1.387861922,2.217776257,0,0
Marion,Ohio,39101,65256,161.84,11,14,1.186820917,1.197479335,4.046907568,0,0
Medina,Ohio,39103,179146,420.68,72,19,1.252432538,1.267385023,3.079453963,0,0
Miami,Ohio,39109,106222,257.76,64,16,1.296839555,1.321108491,2.666666667,0,0
Montgomery,Ohio,39113,532331,1152.7,57,15,1.309357752,1.322861527,2.571624009,0,0
Richland,Ohio,39139,121099,244.97,10,15,1.165914401,1.167195582,4.515449935,0,0
Stark,Ohio,39151,371574,649.22,79,23,1.209220568,1.209908187,3.648604055,0,0
Summit,Ohio,39153,541918,1312.69,165,20,1.246874369,1.307946822,3.141531221,0,0
Trumbull,Ohio,39155,198627,326.37,72,22,1.214574627,1.219704655,3.565683537,0,0
Tuscarawas,Ohio,39157,92176,163,17,20,1.152185608,1.146717125,4.893010842,0,0
Union,Ohio,39159,57835,128.91,5,14,1.121828396,1.126854933,6.029471813,0,0
Warren,Ohio,39165,232173,564.56,31,14,1.216252351,1.293613102,3.540542477,0,0
Canadian,Oklahoma,40017,144447,152.47,29,18,1.205714082,1.212637058,3.705242984,0,0
Cleveland,Oklahoma,40027,281669,513.64,130,19,1.291993047,1.300271261,2.705640107,0,0
Custer,Oklahoma,40039,29036,29.54,5,15,1.113263577,1.121495487,6.460148371,0,0
Garvin,Oklahoma,40049,27811,34.69,8,14,1.160129386,1.168407479,4.666666667,0,0
Grady,Oklahoma,40051,55551,49.73,5,15,1.113263577,1.091655902,6.460148371,0,0
Jackson,Oklahoma,40065,24949,31.63,4,20,1.071773463,1.030078183,10,0,0
Kay,Oklahoma,40071,44161,48.8,25,19,1.184611079,1.201590741,4.091427302,0,0
Logan,Oklahoma,40083,47291,61.9,5,15,1.113263577,1.119859051,6.460148371,0,0
McClain,Oklahoma,40087,39985,67.7,11,15,1.173346221,1.162785772,4.335972395,0,0
Oklahoma,Oklahoma,40109,792582,1103.32,237,21,1.297427965,1.310135686,2.662020976,0,0
Pawnee,Oklahoma,40117,16390,28.92,16,17,1.177146694,1.19848306,4.25,0,0
Payne,Oklahoma,40119,82040,119.05,18,19,1.164305567,1.1752154,4.556436865,0,0
Tulsa,Oklahoma,40143,648360,1127.2,175,28,1.202564839,1.200345967,3.757778377,0,0
Washington,Oklahoma,40147,51843,125.17,28,15,1.248754891,1.26380903,3.120218965,0,0
Benton,Oregon,41003,92101,132.82,17,18,1.170464573,1.175187967,4.403709758,0,0
Clackamas,Oregon,41005,416075,216.96,66,22,1.209780396,1.219856924,3.639736186,0,0
Deschutes,Oregon,41017,191996,59.85,36,23,1.168598504,1.174288609,4.448807283,0,0
Douglas,Oregon,41019,110283,21.51,9,26,1.088182243,1.08797077,8.202086796,0,0
Grant,Oregon,41023,7176,1.59,1,14,0,0,Inf,0,0
Jackson,Oregon,41029,219564,76.98,27,27,1.101194957,1.129283916,7.19062821,0,0
Klamath,Oregon,41035,67653,11.16,13,27,1.099656793,1.071027708,7.29643017,0,0
Lane,Oregon,41039,379611,81.02,21,17,1.148338588,1.207002811,5.011323494,0,0
Linn,Oregon,41043,127335,53.65,37,23,1.135257613,1.18953072,5.46389234,0,0
Marion,Oregon,41047,346868,283.81,178,26,1.220547303,1.230196778,3.477919624,0,0
Multnomah,Oregon,41051,811880,1851.73,175,24,1.240109169,1.2478439,3.220952895,0,0
Polk,Oregon,41053,85234,109.92,20,23,1.139112248,1.143639619,5.321698903,0,0
Umatilla,Oregon,41059,77516,23.91,5,23,1.072481971,1.075806514,9.905560836,0,0
Union,Oregon,41061,26461,12.78,3,14,1.0816334,1.046613231,8.83301655,0,0
Washington,Oregon,41067,597695,803.36,228,35,1.167802947,1.173968702,4.468337987,0,0
Yamhill,Oregon,41071,107002,145.03,23,19,1.179423797,1.183790317,4.20022986,0,0
Adams,Pennsylvania,42001,102811,196.7,19,16,1.202048802,1.204533174,3.766542614,0,0
Allegheny,Pennsylvania,42003,1218452,1678.68,476,20,1.361069643,1.376358605,2.248500254,0,0
Beaver,Pennsylvania,42007,164742,383.92,65,17,1.278327001,1.291877657,2.822809986,0,0
Berks,Pennsylvania,42011,420152,486.44,201,16,1.392995629,1.407043487,2.091215776,0,0
Bucks,Pennsylvania,42017,628195,1036.51,446,23,1.265028213,1.313700392,2.948377789,0,0
Centre,Pennsylvania,42027,162805,145.45,32,14,1.28088669,1.302157758,2.8,0,0
Chester,Pennsylvania,42029,522046,689.07,226,21,1.294495073,1.309284316,2.68536054,0,0
Cumberland,Pennsylvania,42041,251423,453.62,45,21,1.137638669,1.207154596,5.375118521,0,0
Delaware,Pennsylvania,42045,564751,3065.25,542,28,1.252111002,1.257784035,3.082970767,0,0
Erie,Pennsylvania,42049,272061,345.33,17,14,1.224303832,1.24146539,3.42510759,0,0
Franklin,Pennsylvania,42055,154835,199.1,26,14,1.262029553,1.27399175,2.97844475,0,0
Lackawanna,Pennsylvania,42069,210793,460.61,119,16,1.290943724,1.364354448,2.714248454,0,0
Lancaster,Pennsylvania,42071,543557,570.4,232,15,1.372873533,1.453329867,2.187232658,0,0
Lebanon,Pennsylvania,42075,141314,383.25,54,15,1.304646692,1.311949474,2.606480143,0,0
Lehigh,Pennsylvania,42077,368100,1050.55,584,19,1.398301026,1.406214026,2.067504105,0,0
Luzerne,Pennsylvania,42079,317646,357.04,484,19,1.384546833,1.388500752,2.13031633,0,0
Monroe,Pennsylvania,42089,169507,275.51,397,25,1.270432573,1.273854565,2.895866316,0,0
Montgomery,Pennsylvania,42091,828604,1700.28,875,27,1.2526046,1.293726096,3.077575696,0,0
Northampton,Pennsylvania,42095,304807,816.34,466,22,1.322179042,1.326483337,2.481897338,0,0
Philadelphia,Pennsylvania,42101,1584138,11748.73,2284,24,1.380211593,1.388297748,2.151049003,0,0
Pike,Pennsylvania,42103,55933,101.84,83,22,1.222449205,1.223136358,3.450959047,0,0
Potter,Pennsylvania,42105,16622,15.66,2,14,1.050756639,1.057156639,14,0,0
Washington,Pennsylvania,42125,207346,242.18,40,21,1.192033803,1.202082952,3.945938319,0,0
Wayne,Pennsylvania,42127,51276,71.02,23,28,1.118492656,1.104368261,6.189812425,0,0
Westmoreland,Pennsylvania,42129,350611,345.24,110,15,1.306243611,1.379079223,2.594545357,0,0
York,Pennsylvania,42133,448273,491.07,102,16,1.278565955,1.351346069,2.82066295,0,0
Abbeville,South Carolina,45001,24541,50.27,6,15,1.12687761,1.130098183,5.802792109,0,0
Aiken,South Carolina,45003,169401,155.85,22,14,1.247059957,1.25852101,3.139413539,0,0
Anderson,South Carolina,45007,200482,273.96,62,19,1.198099042,1.251432038,3.835132645,0,0
Beaufort,South Carolina,45013,188715,316.96,131,20,1.207834699,1.287684389,3.670761676,0,0
Berkeley,South Carolina,45015,221091,190.26,42,14,1.306009626,1.302804195,2.596286328,0,0
Calhoun,South Carolina,45017,14520,38.6,3,17,1.066758117,1.061178372,10.72580581,0,0
Charleston,South Carolina,45019,405905,430.86,247,28,1.217456528,1.221566346,3.522736077,0,0
Clarendon,South Carolina,45027,33700,56.05,34,14,1.286445379,1.302271739,2.751862851,0,0
Darlington,South Carolina,45031,66802,119.85,15,14,1.213407063,1.23138532,3.583412347,0,0
Dorchester,South Carolina,45035,160647,271.22,36,15,1.269853148,1.277009736,2.901396054,0,0
Fairfield,South Carolina,45039,22402,33.09,8,18,1.122462048,1.125361391,6,0,0
Florence,South Carolina,45041,138159,173.21,29,14,1.27191181,1.284466418,2.881855654,0,0
Greenville,South Carolina,45045,514213,634.81,174,19,1.311969215,1.323184331,2.552753492,0,0
Horry,South Carolina,45051,344147,283.02,51,19,1.160808206,1.244128036,4.6483603,0,0
Kershaw,South Carolina,45055,65592,88.58,136,28,1.191784734,1.201284661,3.950637997,0,0
Lancaster,South Carolina,45057,95380,163.06,31,23,1.161025645,1.154241121,4.642528991,0,0
Lee,South Carolina,45061,17142,42.92,13,16,1.173873935,1.152981449,4.323810471,0,0
Lexington,South Carolina,45063,295032,409.66,78,20,1.243382441,1.252101545,3.181976157,0,0
Orangeburg,South Carolina,45075,86934,79.97,25,14,1.197707351,1.284911321,3.842083571,0,0
Pickens,South Carolina,45077,124937,247.27,17,14,1.224303832,1.241729052,3.42510759,0,0
Richland,South Carolina,45079,414576,539.27,224,17,1.374832796,1.392875062,2.177433993,0,0
Saluda,South Carolina,45081,20544,44.83,2,15,1.047294123,1.022028279,15,0,0
Spartanburg,South Carolina,45083,313888,374.04,60,26,1.170551249,1.168016092,4.401638998,0,0
Sumter,South Carolina,45085,106512,160.88,75,14,1.361234499,1.374063465,2.247617196,0,0
York,South Carolina,45091,274118,380.02,73,17,1.287084994,1.303774143,2.746442947,0,0
Beadle,South Dakota,46005,18883,14.6,21,24,1.13525251,1.149785837,5.464085969,0,0
Bon Homme,South Dakota,46009,6980,12.36,1,23,0,0,Inf,0,0
Charles Mix,South Dakota,46023,9338,8.51,1,24,0,0,Inf,0,0
Davison,South Dakota,46035,19790,45.69,3,24,1.017037897,1.044381045,41.02827099,0,0
McCook,South Dakota,46087,5546,9.6,2,21,1.033557783,1.040313331,21,0,0
Minnehaha,South Dakota,46099,192876,231.37,68,24,1.19221488,1.187182462,3.942529199,0,0
Anderson,Tennessee,47001,76482,224.74,10,14,1.178768635,1.199372266,4.214419939,0,0
Blount,Tennessee,47009,131349,229.89,33,14,1.283705144,1.298284849,2.775358084,0,0
Bradley,Tennessee,47011,106727,318.03,21,14,1.242923031,1.244935504,3.187383482,0,0
Campbell,Tennessee,47013,39583,82.65,4,20,1.071773463,1.08168699,10,0,0
Cheatham,Tennessee,47021,40439,132.02,11,16,1.161681419,1.180296291,4.625037221,0,0
Cumberland,Tennessee,47035,59673,86.1,22,15,1.228838601,1.226799204,3.363657363,0,0
Davidson,Tennessee,47037,692587,1357.09,808,26,1.29367002,1.305376896,2.692009804,0,0
Dickson,Tennessee,47043,53446,106.12,21,14,1.182883824,1.261321447,4.126972289,0,0
Dyer,Tennessee,47045,37320,73.34,5,15,1.113263577,1.112543938,6.460148371,0,0
Greene,Tennessee,47059,69087,110.37,16,14,1.219013654,1.239671306,3.5,0,0
Hamblen,Tennessee,47063,64569,395.46,3,14,1.0816334,1.086610078,8.83301655,0,0
Hamilton,Tennessee,47065,364286,659.15,67,21,1.221675721,1.230350936,3.461867991,0,0
Jefferson,Tennessee,47089,54012,194.28,6,21,1.089067559,1.098502894,8.123908952,0,0
Knox,Tennessee,47093,465289,897.62,98,22,1.23171513,1.238563446,3.32592064,0,0
Maury,Tennessee,47119,94340,146.42,20,14,1.238598968,1.252596095,3.239294984,0,0
Montgomery,Tennessee,47125,205950,364.23,41,15,1.280910907,1.285451987,2.799786169,0,0
Robertson,Tennessee,47147,71012,145.59,51,16,1.278565955,1.287193053,2.82066295,0,0
Rutherford,Tennessee,47149,324890,495.88,127,21,1.259450577,1.263172798,3.004857272,0,0
Sevier,Tennessee,47155,97892,162.51,13,18,1.153149837,1.148782398,4.86428678,0,0
Shelby,Tennessee,47157,935764,1227.77,640,26,1.282123909,1.292820591,2.789122565,0,0
Sullivan,Tennessee,47163,157668,379.17,18,24,1.127984212,1.124590073,5.755499198,0,0
Sumner,Tennessee,47165,187149,338.98,283,16,1.3627691,1.442167657,2.239435317,0,0
Tipton,Tennessee,47167,61581,134.05,28,14,1.268727726,1.28137681,2.912204367,0,0
Washington,Tennessee,47179,128607,389.18,20,15,1.165914401,1.244018994,4.515449935,0,0
Williamson,Tennessee,47187,231729,375.3,221,29,1.204595157,1.207018341,3.723724042,0,0
Wilson,Tennessee,47189,140625,232.41,71,15,1.268669669,1.337544601,2.912764385,0,0
Bell,Texas,48027,355642,325.62,51,21,1.20590436,1.214869249,3.702120122,0,0
Bexar,Texas,48029,1986049,1553.34,328,51,1.120291033,1.115168594,6.102265349,0,0
Bowie,Texas,48037,94324,106.05,10,18,1.136463666,1.132265346,5.418539922,0,0
Brazoria,Texas,48039,370200,260.73,123,20,1.228694052,1.282988484,3.365578659,0,0
Brazos,Texas,48041,226758,374.4,72,17,1.286041113,1.303571729,2.755300915,0,0
Brown,Texas,48049,37924,40.06,4,14,1.104089514,1.107621411,7,0,0
Cameron,Texas,48061,423908,473.39,55,15,1.306243611,1.303117929,2.594545357,0,0
Cass,Texas,48067,30119,32.11,4,14,1.104089514,1.093121603,7,0,0
Collin,Texas,48085,1005146,1122.59,227,25,1.242341618,1.250396843,3.194256068,0,0
Crane,Texas,48103,4794,6.16,2,15,1.047294123,1.030622652,15,0,0
Dallas,Texas,48113,2637772,2968.68,831,24,1.285603737,1.338244421,2.759031479,0,0
Denton,Texas,48121,859064,918.74,273,19,1.343442511,1.36035945,2.347778349,0,0
DeWitt,Texas,48123,20187,22.48,6,15,1.12687761,1.113608533,5.802792109,0,0
Ellis,Texas,48139,179436,180.48,27,17,1.16544081,1.223031356,4.527432577,0,0
El Paso,Texas,48141,840758,827.15,78,21,1.230551355,1.236326509,3.341074965,0,0
Fannin,Texas,48147,35286,38.36,2,14,1.050756639,1.013433647,14,0,0
Fort Bend,Texas,48157,787858,858.22,221,30,1.197144044,1.200657622,3.85212832,0,0
Galveston,Texas,48167,337890,864.5,206,21,1.288795922,1.28749139,2.73206252,0,0
Gregg,Texas,48183,123707,451.86,8,23,1.094623536,1.085543582,7.666666667,0,0
Harris,Texas,48201,4698619,2701.84,1036,29,1.211203824,1.27744656,3.617399713,0,0
Hays,Texas,48209,222631,301.12,47,20,1.21228545,1.212873246,3.600626533,0,0
Hockley,Texas,48219,22980,25.5,7,14,1.149116725,1.175412187,4.98690062,0,0
Johnson,Texas,48251,171361,225.58,18,15,1.157753673,1.214831979,4.731973152,0,0
Lavaca,Texas,48285,20110,20.56,1,16,0,0,Inf,0,0
Lubbock,Texas,48303,307412,336.59,117,17,1.270428843,1.337824814,2.895901841,0,0
McLennan,Texas,48309,254607,239.54,49,16,1.153324797,1.301582404,4.859113424,0,0
Matagorda,Texas,48321,36552,33.39,36,18,1.174187253,1.225234311,4.316624398,0,0
Medina,Texas,48325,50921,37.22,3,16,1.071075483,1.081456039,10.09487606,0,0
Montgomery,Texas,48339,590925,532.23,119,24,1.220340777,1.228383076,3.480875177,0,0
Rusk,Texas,48401,54450,58,7,16,1.129324181,1.115792819,5.699314994,0,0
Smith,Texas,48423,230221,244.2,53,21,1.146537635,1.216008778,5.068842174,0,0
Tarrant,Texas,48439,2084931,2339,383,24,1.281248241,1.285528303,2.796811445,0,0
Travis,Texas,48453,1248743,1215.07,351,21,1.237472559,1.333650587,3.253127112,0,0
Upshur,Texas,48459,41260,69.94,3,14,1.0816334,1.066179795,8.83301655,0,0
Van Zandt,Texas,48467,56019,64.53,3,15,1.075989625,1.059452817,9.463946304,0,0
Webb,Texas,48479,275910,80.93,65,16,1.298096816,1.308476798,2.656762339,0,0
Wichita,Texas,48485,132064,209.98,44,16,1.26682257,1.283813646,2.930708015,0,0
Williamson,Texas,48491,566719,471.3,71,16,1.196946936,1.317657465,3.855656631,0,0
Box Elder,Utah,49003,54950,9.22,10,16,1.154781985,1.153715018,4.816479931,0,0
Cache,Utah,49005,127068,105.03,15,16,1.134204403,1.171464326,5.504163116,0,0
Davis,Utah,49011,351713,1140.05,122,28,1.18716983,1.190535106,4.039974196,0,0
Salt Lake,Utah,49035,1152633,1509.95,541,38,1.180120199,1.183273452,4.185259506,0,0
Summit,Utah,49043,41933,21.64,222,20,1.265511654,1.327928086,2.943593738,0,0
Tooele,Utah,49045,69907,9.39,16,18,1.16652904,1.168442415,4.5,0,0
Utah,Utah,49049,622213,294.71,150,19,1.301760588,1.299208041,2.628368592,0,0
Wasatch,Utah,49051,33240,25.97,69,18,1.265197377,1.278238357,2.946701798,0,0
Washington,Utah,49053,171700,66.16,21,28,1.11486458,1.106506523,6.374766964,0,0
Weber,Utah,49057,256359,430.03,63,24,1.188427035,1.187862089,4.015204291,0,0
Addison,Vermont,50001,36973,48.2,32,14,1.28088669,1.296155779,2.8,0,0
Bennington,Vermont,50003,35631,53.22,19,27,1.115221785,1.122978565,6.356040661,0,0
Chittenden,Vermont,50007,164572,302.01,199,23,1.258780869,1.270826967,3.011801829,0,0
Orange,Vermont,50017,28999,42.12,4,18,1.080059739,1.093076756,9,0,0
Rutland,Vermont,50021,58672,63.75,17,14,1.224303832,1.216314146,3.42510759,0,0
Washington,Vermont,50023,58140,85.09,21,20,1.164423508,1.164385453,4.553404974,0,0
Windsor,Vermont,50027,55286,57.18,20,20,1.122018454,1.181324961,6.020599913,0,0
Accomack,Virginia,51001,32412,72.84,8,14,1.160129386,1.173972962,4.666666667,0,0
Arlington,Virginia,51013,237521,8924.26,135,23,1.200977709,1.250710542,3.784877068,0,0
Charles City,Virginia,51036,6941,38.26,4,16,1.090507733,1.059309618,8,0,0
Chesterfield,Virginia,51041,348556,801.91,89,20,1.251611372,1.2484289,3.088453256,0,0
Fairfax,Virginia,51059,1150795,2924.86,372,27,1.245103042,1.251877797,3.161903953,0,0
Gloucester,Virginia,51073,37349,170.61,8,14,1.160129386,1.179343658,4.666666667,0,0
Goochland,Virginia,51075,23244,79.89,8,17,1.130115783,1.141056251,5.666666667,0,0
Hanover,Virginia,51085,107239,222.93,12,22,1.119576291,1.099264891,6.136744804,0,0
Henrico,Virginia,51087,329261,1393.44,112,17,1.267169146,1.326763096,2.927322374,0,0
James City,Virginia,51095,76397,520.6,104,22,1.174886744,1.25057094,4.300674026,0,0
Loudoun,Virginia,51107,406850,747.04,130,24,1.1899756,1.231170897,3.985143509,0,0
Prince Edward,Virginia,51147,22950,65.6,2,22,1.03200828,1.035156144,22,0,0
Prince William,Virginia,51153,468011,1357.75,131,22,1.248071897,1.258098283,3.127922207,0,0
Spotsylvania,Virginia,51177,134238,327.31,11,20,1.127378204,1.11962554,5.781296526,0,0
Stafford,Virginia,51179,149960,535.45,29,18,1.205714082,1.218925272,3.705242984,0,0
York,Virginia,51199,67846,645.04,17,18,1.170464573,1.183112991,4.403709758,0,0
Alexandria city,Virginia,51510,160530,10414.92,56,22,1.200779022,1.194874356,3.788299543,0,0
Charlottesville city,Virginia,51540,48117,4594.66,17,17,1.181352075,1.19858836,4.159059216,0,0
Harrisonburg city,Virginia,51660,54033,3065.26,22,21,1.158576965,1.136701122,4.709120309,0,0
Newport News city,Virginia,51700,178626,2621.67,37,14,1.294238781,1.308440928,2.68742208,0,0
Norfolk city,Virginia,51710,244076,4537.88,43,14,1.308206547,1.319543916,2.580043664,0,0
Portsmouth city,Virginia,51740,94632,2832.2,17,14,1.224303832,1.228182844,3.42510759,0,0
Richmond city,Virginia,51760,228783,3741.93,76,16,1.202048802,1.305313139,3.766542614,0,0
Virginia Beach city,Virginia,51810,450189,1807.65,128,25,1.214194884,1.213793777,3.571428571,0,0
Williamsburg city,Virginia,51830,14896,1639.1,9,17,1.13797288,1.153705159,5.362902905,0,0
Benton,Washington,53005,201877,114.19,136,16,1.359396608,1.38301041,2.257507427,0,0
Chelan,Washington,53007,77036,25.94,20,30,1.10501371,1.106805589,6.941346395,0,0
Clallam,Washington,53009,76737,42.85,8,15,1.148698355,1.16517309,5,0,0
Clark,Washington,53011,481857,739.87,137,28,1.192096599,1.201587429,3.944755345,0,0
Columbia,Washington,53013,4059,4.61,1,22,0,0,Inf,0,0
Cowlitz,Washington,53015,108987,92.19,18,14,1.169930813,1.249022314,4.416508275,0,0
Franklin,Washington,53021,94347,72.99,45,17,1.250972593,1.264740297,3.095494308,0,0
Grant,Washington,53025,97331,35.4,77,21,1.229795478,1.246591081,3.350999729,0,0
Grays Harbor,Washington,53027,73901,37.84,3,22,1.051204787,1.0161517,13.88045458,0,0
Island,Washington,53029,84460,391.64,122,23,1.232285383,1.249143264,3.318550232,0,0
Jefferson,Washington,53031,31729,17.11,19,28,1.110886711,1.115415636,6.591449574,0,0
King,Washington,53033,2233163,1022.54,2789,35,1.254415426,1.266917222,3.057961773,0,0
Kitsap,Washington,53035,269805,664.59,95,26,1.191423858,1.19724384,3.957469015,0,0
Kittitas,Washington,53037,47364,19.51,10,27,1.089022962,1.098465665,8.127809883,0,0
Klickitat,Washington,53039,22107,11.43,9,20,1.116123174,1.12843213,6.309297536,0,0
Lewis,Washington,53041,79604,32.02,12,19,1.139722214,1.149574561,5.299915967,0,0
Lincoln,Washington,53043,10740,4.52,1,19,0,0,Inf,0,0
Mason,Washington,53045,65507,65.28,13,17,1.162856379,1.140783561,4.594048625,0,0
Pierce,Washington,53053,891299,515.03,577,28,1.254912432,1.262056252,3.052627014,0,0
San Juan,Washington,53055,17128,94.72,6,14,1.136533476,1.147134398,5.415939301,0,0
Skagit,Washington,53057,128206,71.57,160,24,1.235487434,1.247657469,3.277825142,0,0
Snohomish,Washington,53061,814901,376.86,1449,73,1.104847422,1.106242757,6.951823562,0,0
Spokane,Washington,53063,514631,282.28,194,39,1.104648602,1.146485874,6.964394107,0,0
Stevens,Washington,53065,45260,17.84,5,14,1.121828396,1.129129755,6.029471813,0,0
Thurston,Washington,53067,286419,380.47,58,23,1.193083343,1.203804908,3.926267432,0,0
Walla Walla,Washington,53071,60922,47.43,9,32,1.071075483,1.063923818,10.09487606,0,0
Whatcom,Washington,53073,225685,102.91,182,24,1.242137408,1.253319783,3.19667774,0,0
Yakima,Washington,53077,251446,58.04,289,22,1.253648575,1.298698445,3.06623385,0,0
Jackson,West Virginia,54035,28706,62.49,11,14,1.186820917,1.20730041,4.046907568,0,0
Jefferson,West Virginia,54037,56811,267.99,12,17,1.157394062,1.158861212,4.742030076,0,0
Kanawha,West Virginia,54039,180454,205.98,40,14,1.301466089,1.325146208,2.630625546,0,0
Mercer,West Virginia,54055,59131,144.36,3,16,1.071075483,1.069467435,10.09487606,0,0
Monongalia,West Virginia,54061,106420,292.32,40,15,1.278804039,1.300763197,2.818527371,0,0
Tucker,West Virginia,54093,6955,16.77,3,15,1.027399659,1.075198296,25.64266937,0,0
Bayfield,Wisconsin,55007,15042,10.14,3,15,1.075989625,1.074104765,9.463946304,0,0
Brown,Wisconsin,55009,263378,490.43,24,16,1.219728587,1.205872665,3.489668672,0,0
Calumet,Wisconsin,55015,50159,156.51,3,15,1.075989625,1.048666038,9.463946304,0,0
Chippewa,Wisconsin,55017,64135,63.11,14,14,1.207442027,1.20490729,3.677093491,0,0
Columbia,Wisconsin,55021,57358,74.4,18,15,1.105471374,1.216109162,6.912681309,0,0
Dane,Wisconsin,55025,542364,442.55,244,58,1.099415596,1.099387815,7.31331748,0,0
Douglas,Wisconsin,55031,43208,33.28,6,14,1.136533476,1.164609608,5.415939301,0,0
Dunn,Wisconsin,55033,45131,52.34,5,14,1.121828396,1.105709938,6.029471813,0,0
Eau Claire,Wisconsin,55035,104534,161.43,16,15,1.203025036,1.213226617,3.75,0,0
Fond du Lac,Wisconsin,55039,103066,142.19,30,23,1.124953063,1.169997383,5.887034571,0,0
Green,Wisconsin,55045,36929,63.13,8,14,1.160129386,1.165087753,4.666666667,0,0
Jefferson,Wisconsin,55055,85129,152.12,13,14,1.201067408,1.21978306,3.783334162,0,0
Kenosha,Wisconsin,55059,169290,618.88,81,17,1.19357175,1.299846124,3.917186075,0,0
La Crosse,Wisconsin,55063,118230,260.91,19,16,1.202048802,1.227463277,3.766542614,0,0
Marathon,Wisconsin,55073,135428,87.55,9,14,1.169930813,1.147719696,4.416508275,0,0
Milwaukee,Wisconsin,55079,948201,3952.78,955,21,1.341436628,1.405154822,2.359721065,0,0
Outagamie,Wisconsin,55087,187365,289.8,19,18,1.177719502,1.170506267,4.237360441,0,0
Ozaukee,Wisconsin,55089,89147,378.78,50,15,1.206303487,1.324142792,3.695588293,0,0
Pierce,Wisconsin,55093,42555,72.51,7,25,1.080945808,1.081573174,8.905179678,0,0
Racine,Wisconsin,55101,196584,587.66,41,21,1.193436267,1.193641998,3.919700636,0,0
Rock,Wisconsin,55105,163129,225.26,20,14,1.238598968,1.259997072,3.239294984,0,0
St. Croix,Wisconsin,55109,89694,121.71,7,14,1.093608817,1.156809607,7.746126579,0,0
Sauk,Wisconsin,55111,64249,76.54,18,15,1.212508617,1.2263549,3.597186999,0,0
Sheboygan,Wisconsin,55117,115456,225.33,20,21,1.094545323,1.149696548,7.672730722,0,0
Walworth,Wisconsin,55127,103718,185.57,15,15,1.143766619,1.201880544,5.160152922,0,0
Washington,Wisconsin,55131,135693,312.36,52,16,1.225845774,1.299388308,3.403936857,0,0
Waukesha,Wisconsin,55133,403072,725.8,133,23,1.236919328,1.248474188,3.259968713,0,0
Winnebago,Wisconsin,55139,171020,391.1,18,20,1.155483173,1.156172211,4.796249331,0,0
Wood,Wisconsin,55141,73055,92.39,2,18,1.039259226,1.044642674,18,0,0
Campbell,Wyoming,56005,46140,9.93,6,14,1.136533476,1.121714348,5.415939301,0,0
Fremont,Wyoming,56013,39531,4.36,27,21,1.169930813,1.186292985,4.416508275,0,0
Laramie,Wyoming,56021,98976,36.37,40,17,1.192699882,1.255206169,3.933429624,0,0
Natrona,Wyoming,56025,79115,15.09,21,14,1.242923031,1.249835387,3.187383482,0,0
Park,Wyoming,56029,29324,4.19,1,17,0,0,Inf,0,0
Sheridan,Wyoming,56033,30233,11.89,10,23,1.105295141,1.111907966,6.9236899,0,0
Teton,Wyoming,56039,23081,5.77,32,16,1.241857812,1.253307271,3.2,0,0
Washakie,Wyoming,56043,7885,3.63,2,7,1.104089514,1.081666705,0.627799804,0,0
