"county","state","fips","population","density","cases","days","Growth.rate","Growth.rate.reg","Doubling.time","tests","testing.rate"
"Baldwin","Alabama",1003,218022,130.9,28,20,1.18129373739768,1.18461469004607,4.16029195353019,0,0
"Calhoun","Alabama",1015,114277,189.97,20,16,1.2059085510307,1.18981667314402,3.70205141055615,0,0
"Chambers","Alabama",1017,33615,56.7,81,15,1.34039356622565,1.34595846665543,2.36598657589297,0,0
"Cullman","Alabama",1043,83442,112.01,15,14,1.21340706285251,1.20958322116289,3.58341234733742,0,0
"Elmore","Alabama",1051,81887,131.31,19,21,1.15051696938695,1.15760788758392,4.9435871806994,0,0
"Jackson","Alabama",1071,51736,48.33,12,14,1.19422009496884,1.19485310481354,3.90520123911582,0,0
"Jefferson","Alabama",1073,659300,593.81,369,21,1.28204889610796,1.34258095603764,2.78977936207481,0,0
"Lamar","Alabama",1075,13844,23.04,1,14,0,0,Inf,0,0
"Lauderdale","Alabama",1077,92387,138.66,14,14,1.20744202741841,1.2332007791744,3.67709349052071,0,0
"Lee","Alabama",1081,163941,262.19,99,19,1.27360111702028,1.29074810695013,2.86603981183499,0,0
"Limestone","Alabama",1083,96174,166.18,30,21,1.17581530089446,1.18040390273384,4.27969598890063,0,0
"Madison","Alabama",1089,366519,446.06,123,17,1.32719762175129,1.35021248226153,2.44868051581684,0,0
"Mobile","Alabama",1097,413757,337.28,103,15,1.36203776173011,1.36608546753624,2.24332592796773,0,0
"Montgomery","Alabama",1101,225763,289.37,61,21,1.21622998528211,1.21333329815046,3.54087507247952,0,0
"St. Clair","Alabama",1115,88690,138.16,23,17,1.2025458320365,1.20808726928578,3.75810040077756,0,0
"Shelby","Alabama",1117,215707,269.15,115,19,1.23769631264251,1.30064582808909,3.25036905963606,0,0
"Talladega","Alabama",1121,79828,109.35,12,16,1.16801609655919,1.15966001395527,4.46308713041808,0,0
"Tuscaloosa","Alabama",1125,208911,156.01,41,21,1.19343626675419,1.20166012816171,3.91970063601781,0,0
"Walker","Alabama",1127,63711,81.51,49,15,1.29622304603066,1.30670395632372,2.67155390331017,0,0
"Washington","Alabama",1129,16378,15.41,5,14,1.121828396254,1.10922847147336,6.0294718130275,0,0
"Anchorage","Alaska",2020,291538,173.71,73,22,1.2153363669309,1.23103725193222,3.55422028374592,0,0
"Fairbanks North Star Borough","Alaska",2090,98971,13.58,42,18,1.1842860877351,1.24924078954696,4.09806447654516,0,0
"Kenai Peninsula Borough","Alaska",2122,58533,3.62,10,16,1.15478198468946,1.16358948149898,4.8164799306237,0,0
"Ketchikan Gateway Borough","Alaska",2130,13918,2.84,14,17,1.16793667514165,1.19179316392604,4.46504209563229,0,0
"Coconino","Arizona",4005,142854,7.53,126,16,1.35292324648147,1.36995661402805,2.29315724400149,0,0
"Graham","Arizona",4009,38072,8.19,2,20,1.03526492384138,1.04793940014626,20,0,0
"Maricopa","Arizona",4013,4410824,462.37,1049,68,1.10770258432617,1.10531109411235,6.77641876569646,0,0
"Navajo","Arizona",4017,110445,10.92,148,17,1.34172173108485,1.35562327178554,2.35801511402341,0,0
"Pima","Arizona",4019,1039073,111,280,25,1.25281320191606,1.26107281348595,3.07530196056517,0,0
"Pinal","Arizona",4021,447138,78.22,77,28,1.16781666585817,1.17476477369788,4.46799963875827,0,0
"Santa Cruz","Arizona",4023,46511,37.66,3,15,1.07598962472535,1.07721590551436,9.46394630357187,0,0
"Yavapai","Arizona",4025,231993,27.65,35,15,1.26747052794605,1.27922600247058,2.9243853284068,0,0
"Yuma","Arizona",4027,212128,37.69,13,14,1.20106740836765,1.22161185834481,3.78333416198248,0,0
"Benton","Arkansas",5007,272608,305.63,41,15,1.28091090724127,1.31168986791798,2.79978616858415,0,0
"Boone","Arkansas",5009,37480,63.18,3,15,1.07598962472535,1.06097405120278,9.46394630357187,0,0
"Bradley","Arkansas",5011,10897,16.86,4,16,1.09050773266526,1.1103595176921,8,0,0
"Clark","Arkansas",5019,22061,25.85,27,15,1.24573093961552,1.27145939221971,3.15464876785729,0,0
"Cleburne","Arkansas",5023,24965,45.57,65,18,1.26100674245931,1.28741588963207,2.98885763188688,0,0
"Cleveland","Arkansas",5025,8018,13.76,4,18,1.08005973889231,1.10372721944954,9.00000000000001,0,0
"Craighead","Arkansas",5031,108558,149.46,16,15,1.20302503608212,1.20536281830111,3.75,0,0
"Crittenden","Arkansas",5035,48342,80.38,43,15,1.28498452359482,1.2916556099621,2.76433249723059,0,0
"Desha","Arkansas",5041,11512,15.47,4,18,1.08005973889231,1.05819687189805,9.00000000000001,0,0
"Faulkner","Arkansas",5045,124806,188.95,40,16,1.25929868384639,1.28491033979582,3.00642919534572,0,0
"Garland","Arkansas",5051,99154,145.03,40,19,1.17077991372278,1.22815334589558,4.39618605003543,0,0
"Grant","Arkansas",5053,18188,28.63,3,15,1.07598962472535,1.09465322508141,9.46394630357187,0,0
"Greene","Arkansas",5055,45325,77.24,4,15,1.09682497969463,1.1126235007354,7.5,0,0
"Independence","Arkansas",5063,37678,48.78,4,15,1.09682497969463,1.11039502947342,7.5,0,0
"Jefferson","Arkansas",5069,68114,80.88,53,23,1.18841607076988,1.19781541192622,4.01541889110503,0,0
"Lincoln","Arkansas",5079,13383,24.39,6,18,1.1046650785975,1.12196417485839,6.96335053022176,0,0
"Poinsett","Arkansas",5111,23974,31.72,5,15,1.1132635768448,1.12790420334607,6.4601483711009,0,0
"Polk","Arkansas",5113,20049,23.51,5,15,1.1132635768448,1.11336944086507,6.4601483711009,0,0
"Pope","Arkansas",5115,64000,78.33,8,15,1.14869835499704,1.15296572944125,5,0,0
"Pulaski","Arkansas",5119,392680,517.88,137,22,1.1623911595255,1.26632263432233,4.60626486670687,0,0
"Saline","Arkansas",5125,121421,163.09,21,19,1.17379022685978,1.16625352977994,4.32573472524211,0,0
"Searcy","Arkansas",5129,7958,11.89,4,15,1.09682497969463,1.11657796321153,7.5,0,0
"Sebastian","Arkansas",5131,127753,239.63,8,15,1.14869835499704,1.162344744225,5,0,0
"Sevier","Arkansas",5133,17139,30.42,3,15,1.07598962472535,1.06900737846658,9.46394630357187,0,0
"Van Buren","Arkansas",5141,16603,23.56,20,15,1.22105530006757,1.25071492809016,3.47067319739639,0,0
"Washington","Arkansas",5143,236961,242.61,25,16,1.22284454499385,1.24160378053975,3.44541246458714,0,0
"Alameda","California",6001,1666753,2224.17,464,33,1.20449104405838,1.21156222347283,3.72545391756338,0,0
"Amador","California",6005,39383,63.62,3,14,1.08163340035277,1.08606306664243,8.83301655000041,0,0
"Contra Costa","California",6013,1150215,1582.89,307,31,1.20290206429585,1.2095020492536,3.75207505846673,0,0
"Fresno","California",6019,994400,164.17,100,27,1.18597101233767,1.18904186930181,4.06390494146375,0,0
"Humboldt","California",6023,136373,38.05,40,43,1.0895751986639,1.07974171125854,8.07977846249162,0,0
"Imperial","California",6025,181827,43.15,55,14,1.2058890055436,1.34787866469452,3.70237191397758,0,0
"Kern","California",6029,896764,108.59,199,17,1.36529547722467,1.36857343426287,2.22611439539237,0,0
"Los Angeles","California",6037,10105518,2488.5,4566,68,1.13192253060161,1.13003500754509,5.59361630121808,0,0
"Madera","California",6039,157672,72.54,28,27,1.1313538148543,1.13388532600531,5.61639413726576,0,0
"Marin","California",6041,259666,500.27,131,37,1.14083687026884,1.14497106403432,5.2605964395874,0,0
"Mendocino","California",6045,87606,24.93,4,16,1.09050773266526,1.09913953148039,8,0,0
"Monterey","California",6053,435594,132.05,53,17,1.21260776664576,1.28034532658707,3.59566117141254,0,0
"Napa","California",6055,139417,187.78,21,37,1.08576454673268,1.07998818860933,8.42379920178726,0,0
"Nevada","California",6057,99696,103.46,31,18,1.21018963069957,1.21601741959568,3.6332835584778,0,0
"Orange","California",6059,3185968,4002.42,711,69,1.09984489536573,1.09738381540716,7.28331677419598,0,0
"Placer","California",6061,393149,270.13,97,32,1.15368332814842,1.15547542702257,4.84854887710844,0,0
"Riverside","California",6065,2450758,330.71,638,27,1.27022965419556,1.27147619511842,2.8978001854412,0,0
"Sacramento","California",6067,1540975,1565.37,389,42,1.15256510481571,1.15232031437514,4.88166248926835,0,0
"San Benito","California",6069,61537,42.79,23,21,1.16103198095384,1.17249432845133,4.64235931860758,0,0
"San Bernardino","California",6071,2171603,106.47,353,19,1.3617375256088,1.37055701912038,2.24492766394155,0,0
"San Diego","California",6073,3343364,785.15,1112,53,1.1414941108328,1.14059614462241,5.23770220807651,0,0
"San Francisco","California",6075,883305,18561.81,500,61,1.09473875265372,1.10753235638233,7.65775193253149,0,0
"San Joaquin","California",6077,752660,526.27,185,24,1.24298385790565,1.25713112618054,3.18666636736186,0,0
"San Luis Obispo","California",6079,284010,85.33,93,20,1.2543656349831,1.27470238299024,3.05849736605664,0,0
"San Mateo","California",6081,769545,1708.12,486,32,1.21326978850389,1.22020858527519,3.58550949805068,0,0
"Santa Barbara","California",6083,446527,162.24,152,19,1.30266838454988,1.31123793505431,2.62143902029352,0,0
"Santa Clara","California",6085,1937570,1489.96,1094,63,1.117476426145,1.11849348055925,6.24046779515097,0,0
"Santa Cruz","California",6087,274255,614.97,59,27,1.16301980814431,1.17282493921749,4.58977363974668,0,0
"Shasta","California",6089,180040,47.43,11,25,1.10066639599307,1.08539354040926,7.22662065794719,0,0
"Solano","California",6095,446610,533.64,78,39,1.11818907873396,1.11765284573104,6.20485350690247,0,0
"Sonoma","California",6097,499942,318.13,100,37,1.13254131515281,1.13531261273405,5.56905491978365,0,0
"Stanislaus","California",6099,549815,360.78,58,23,1.15766398253548,1.19743483411643,4.73447714658999,0,0
"Tulare","California",6107,465861,95.45,81,22,1.22109462349866,1.22547555913749,3.47011364464301,0,0
"Ventura","California",6111,850967,460.15,189,24,1.24409222276851,1.25582201702801,3.17366181268277,0,0
"Yolo","California",6113,220408,211.86,33,28,1.13300712433377,1.13429258662778,5.55071616877569,0,0
"Adams","Colorado",8001,511868,425.74,294,22,1.25462640731585,1.30291029065104,3.05569461307201,0,0
"Arapahoe","Colorado",8005,651215,797.73,500,25,1.28220893871647,1.29140488425426,2.78837848494391,0,0
"Boulder","Colorado",8013,326078,442.01,143,20,1.28164220914148,1.29803966220589,2.79334628504638,0,0
"Broomfield","Colorado",8014,69267,2001.58,36,14,1.29170834209075,1.30008897797467,2.70796965064179,0,0
"Clear Creek","Colorado",8019,9605,23.73,6,21,1.08906755879445,1.08859613537481,8.12390895192538,0,0
"Crowley","Colorado",8025,5858,7.15,1,15,0,0,Inf,0,0
"Denver","Colorado",8031,716492,4532.13,716,28,1.23370154352414,1.27483902232579,3.30040169837693,0,0
"Douglas","Colorado",8035,342776,391.09,194,29,1.19919473976962,1.20496174619236,3.81583323416829,0,0
"Eagle","Colorado",8037,54993,32.27,333,28,1.23051608213404,1.24038224359845,3.34153665981149,0,0
"El Paso","Colorado",8041,713856,323.56,374,28,1.23562950911354,1.24481572640505,3.27604372926445,0,0
"Garfield","Colorado",8045,59770,19.86,45,19,1.22183112712334,1.2332051061913,3.45967010892883,0,0
"Grand","Colorado",8049,15525,8.16,4,15,1.09682497969463,1.1066287696475,7.5,0,0
"Gunnison","Colorado",8051,17246,5.11,88,24,1.20509174455345,1.22320813712917,3.71549718565843,0,0
"Jefferson","Colorado",8059,580233,746.43,440,29,1.23354086246047,1.23959867787064,3.3024498421737,0,0
"Larimer","Colorado",8069,350518,130.26,134,25,1.21642179221646,1.2264372357202,3.53802497055382,0,0
"Mesa","Colorado",8077,153207,45.06,20,20,1.16158634964154,1.16177208059548,4.62756426319519,0,0
"Morgan","Colorado",8087,28558,22.07,7,15,1.13851791642936,1.14320793619405,5.34310780662034,0,0
"Park","Colorado",8093,18556,7.93,5,14,1.121828396254,1.10518991750605,6.0294718130275,0,0
"Pitkin","Colorado",8097,17950,18.45,38,23,1.06462690796573,1.18393336605517,11.0683215574409,0,0
"Pueblo","Colorado",8101,167529,69.02,39,21,1.19059754111019,1.18642432742699,3.97320754985427,0,0
"Routt","Colorado",8107,25733,10.53,28,21,1.17195864564499,1.17253540463052,4.3683065512067,0,0
"San Miguel","Colorado",8113,8191,6.19,9,14,1.16993081275869,1.14127246787534,4.4165082750002,0,0
"Summit","Colorado",8117,31007,50.02,35,21,1.1460202405462,1.18033781023555,5.08562864638345,0,0
"Weld","Colorado",8123,314305,74.02,379,21,1.32675991956807,1.33940938553897,2.45153718461524,0,0
"Yuma","Colorado",8125,10020,4.26,2,16,1.04427378242741,1.05245082367591,16,0,0
"Fairfield","Connecticut",9001,943823,1511.22,2717,26,1.35544022744628,1.36450701231718,2.2791425709171,0,0
"Hartford","Connecticut",9003,892697,1217.16,679,20,1.3854583955242,1.39607722766126,2.12601581045841,0,0
"Litchfield","Connecticut",9005,181111,198.83,173,22,1.26394846941105,1.27231309101924,2.95912577285566,0,0
"Middlesex","Connecticut",9007,162682,442.37,91,16,1.32568422073044,1.3373405492364,2.45859018063783,0,0
"New Haven","Connecticut",9009,857620,1421.56,891,20,1.40440990956759,1.41295009890532,2.04096593734733,0,0
"New London","Connecticut",9011,266784,404.41,40,14,1.3014660887232,1.3135405161378,2.63062554592751,0,0
"Tolland","Connecticut",9013,150921,368.76,79,15,1.22003177004079,1.35709456726455,3.48530765800589,0,0
"Windham","Connecticut",9015,117027,227.21,27,15,1.24573093961552,1.24153893657753,3.15464876785729,0,0
"Kent","Delaware",10001,178550,298.24,54,16,1.19799369275656,1.2938310360513,3.8369994650901,0,0
"New Castle","Delaware",10003,559335,1302.26,279,23,1.27741089973849,1.28827409077513,2.83107540091883,0,0
"Sussex","Delaware",10005,229286,234.53,117,17,1.32329902303529,1.34287907879279,2.47439556615428,0,0
"District of Columbia","District of Columbia",11001,702455,11212.38,757,27,1.2783011532287,1.28716107778057,2.82304244912427,0,0
"Alachua","Florida",12001,269956,300.73,110,24,1.21634851301078,1.22775502411537,3.53911324776574,0,0
"Baker","Florida",12003,28355,47.48,11,19,1.1345147362524,1.14305137871466,5.49223170003987,0,0
"Brevard","Florida",12009,596849,567.91,62,17,1.27477872035419,1.28337682170064,2.85512924226971,0,0
"Broward","Florida",12011,1951260,1578.09,1598,28,1.26958676083097,1.31391322569522,2.9039462649362,0,0
"Charlotte","Florida",12015,184998,260.12,43,27,1.14947315117486,1.14200953233975,4.97579849501506,0,0
"Citrus","Florida",12017,147929,245.98,28,19,1.19169800465666,1.20124983710881,3.95227735585368,0,0
"Clay","Florida",12019,216072,342.99,69,22,1.21222727000346,1.2157384146308,3.60152441979474,0,0
"Collier","Florida",12021,378488,182.11,203,24,1.19197079849028,1.25713598495955,3.94712599969838,0,0
"Duval","Florida",12031,950181,1212.59,323,22,1.3003332270832,1.30993207084016,2.63934849645177,0,0
"Escambia","Florida",12033,315534,474.55,113,18,1.30034895659244,1.31576803684372,2.6392269321956,0,0
"Hernando","Florida",12053,190865,386.63,38,15,1.16193430409391,1.28706493417501,4.61832966958563,0,0
"Hillsborough","Florida",12057,1436888,1351.56,463,33,1.20441229853597,1.20814975751657,3.7267634674712,0,0
"Indian River","Florida",12061,157413,300.24,47,15,1.29262690307847,1.30644514097537,2.70046989985039,0,0
"Jackson","Florida",12063,48305,52.82,4,15,1.09682497969463,1.08666588780573,7.5,0,0
"Lake","Florida",12069,356495,357.38,88,18,1.28240976144085,1.29721254426784,2.78662288924383,0,0
"Lee","Florida",12071,754610,916.08,303,28,1.22637404638298,1.23157598799592,3.39674985098437,0,0
"Leon","Florida",12073,292502,432.03,38,16,1.25526804943256,1.26818216583185,3.04882259882837,0,0
"Manatee","Florida",12081,394855,503.21,104,33,1.15112430137831,1.14627822158385,4.9250499054046,0,0
"Martin","Florida",12085,160912,289.96,42,15,1.28297034882536,1.29820937250187,2.78173535123053,0,0
"Miami-Dade","Florida",12086,2761581,1430.94,3363,23,1.4234294626074,1.43615851344708,1.96320558998761,0,0
"Monroe","Florida",12087,75027,77.62,40,14,1.3014660887232,1.32179095447636,2.63062554592751,0,0
"Nassau","Florida",12089,85832,124.23,19,24,1.13052820036829,1.11944482149309,5.64981392079932,0,0
"Okaloosa","Florida",12091,207269,215.79,53,27,1.15840939002934,1.16349064067587,4.71375261129721,0,0
"Orange","Florida",12095,1380645,1462.42,601,21,1.3562112912461,1.36887283976777,2.27488861862393,0,0
"Osceola","Florida",12097,367990,255.09,201,21,1.28728883564533,1.29395938011552,2.74472070607122,0,0
"Palm Beach","Florida",12099,1485941,734.24,856,22,1.31707674112211,1.37078775004255,2.51674004308714,0,0
"Pasco","Florida",12101,539630,683.63,77,24,1.19840546327408,1.19910597818403,3.82971397607852,0,0
"Pinellas","Florida",12103,975280,3498.46,318,24,1.23516472500844,1.27587176116411,3.28187941017945,0,0
"Polk","Florida",12105,708009,371.93,126,17,1.32908026241611,1.33897829024925,2.43647957175158,0,0
"St. Johns","Florida",12109,254261,392.08,119,23,1.23095215289429,1.23696157069835,3.3358387109807,0,0
"Santa Rosa","Florida",12113,179349,168.49,48,29,1.14280948374437,1.14496987801235,5.1925147207802,0,0
"Sarasota","Florida",12115,426718,741.44,124,22,1.20634728054362,1.25279902078264,3.69487313705492,0,0
"Seminole","Florida",12117,467832,1471.72,163,22,1.26053231004274,1.26918297373103,2.99371531212967,0,0
"Sumter","Florida",12119,128754,221.23,68,16,1.3017626511353,1.32354337635378,2.6283527993928,0,0
"Volusia","Florida",12127,547538,479.22,125,27,1.1958131745004,1.19754934263544,3.87608902266054,0,0
"Walton","Florida",12131,71375,63.47,19,16,1.20204880229272,1.22668867760791,3.76654261386621,0,0
"Bartow","Georgia",13015,106408,225.48,159,23,1.18841607076988,1.26464660974451,4.01541889110503,0,0
"Bibb","Georgia",13021,153095,614.55,34,15,1.26502350323725,1.26919856706783,2.94842448349234,0,0
"Carroll","Georgia",13045,118121,232.47,147,14,1.18288382388464,1.45908077456511,4.1269722892064,0,0
"Charlton","Georgia",13049,12968,16.78,1,24,0,0,Inf,0,0
"Chatham","Georgia",13051,289195,673.13,65,14,1.2823059830952,1.34852184757367,2.78752981087582,0,0
"Cherokee","Georgia",13057,254149,573.69,114,26,1.1998079217627,1.20456583881358,3.80512490997241,0,0
"Clarke","Georgia",13059,127330,1045.32,59,19,1.19497564369908,1.25735504327477,3.89133504290945,0,0
"Clayton","Georgia",13063,289615,1968.4,206,19,1.27625895183641,1.32804281884991,2.84154617542579,0,0
"Cobb","Georgia",13067,756865,2194.25,422,27,1.25093226546334,1.25728723061078,3.09594002037746,0,0
"Columbia","Georgia",13073,154291,507.76,33,16,1.24424848678778,1.2508952243606,3.17183781072897,0,0
"Coweta","Georgia",13077,145864,318.71,56,20,1.18129373739768,1.22988671212499,4.16029195353019,0,0
"Dawson","Georgia",13085,25083,113.18,13,14,1.20106740836765,1.20524812833656,3.78333416198248,0,0
"DeKalb","Georgia",13089,756558,2777.42,483,25,1.24542243666532,1.29047265189517,3.15820881086706,0,0
"Dougherty","Georgia",13095,91243,277.01,607,19,1.27505314366007,1.41807392704533,2.85260005700579,0,0
"Douglas","Georgia",13097,145331,708.96,78,14,1.36505331655407,1.3832872612001,2.22738331017012,0,0
"Early","Georgia",13099,10247,20.19,61,15,1.25589497456675,1.31452116143951,3.04214136204912,0,0
"Effingham","Georgia",13103,62190,122.86,6,15,1.12687761019083,1.13699767365528,5.80279210851812,0,0
"Fayette","Georgia",13113,113459,573.06,61,25,1.17872689625657,1.1830544965369,4.21532746723753,0,0
"Floyd","Georgia",13115,97927,189.88,79,25,1.19098168699788,1.19403371257726,3.9658739728899,0,0
"Forsyth","Georgia",13117,236612,981.52,61,18,1.25656509258453,1.26811913681243,3.03503577641102,0,0
"Fulton","Georgia",13121,1050114,1940.44,910,32,1.21077335806397,1.24124937955337,3.62412285867639,0,0
"Glynn","Georgia",13127,85219,200.06,23,15,1.17682853231635,1.24520478586953,4.25705583925237,0,0
"Gordon","Georgia",13129,57685,159.61,21,21,1.11847958576395,1.16510928260378,6.19045843380959,0,0
"Gwinnett","Georgia",13135,927781,2096.5,353,27,1.24268777546044,1.24743107783406,3.19016036454851,0,0
"Hall","Georgia",13139,202148,498.91,81,18,1.27651800700924,1.29012414689281,2.83918389107156,0,0
"Heard","Georgia",13149,11879,39.45,2,14,1.05075663865322,1.03447159929705,14,0,0
"Henry","Georgia",13151,230220,687.02,143,21,1.26658706766722,1.27081226063544,2.9330135992987,0,0
"Houston","Georgia",13153,155469,403.9,58,16,1.28888523796555,1.29524846323754,2.73131647461952,0,0
"Lamar","Georgia",13171,19000,100.89,6,14,1.13653347600972,1.13620183643048,5.41593930128358,0,0
"Laurens","Georgia",13175,47325,58.74,15,15,1.1437666192984,1.21842572233045,5.16015292170291,0,0
"Lee","Georgia",13177,29764,82.49,123,23,1.23272283127,1.23678286139961,3.31292069786984,0,0
"Lincoln","Georgia",13181,7915,37.07,5,14,1.121828396254,1.12934222379826,6.0294718130275,0,0
"Lowndes","Georgia",13185,116321,230.98,32,23,1.16262940648086,1.16794013001487,4.6,0,0
"Miller","Georgia",13201,5686,20.66,11,14,1.18682091674721,1.15698402232331,4.04690756845043,0,0
"Monroe","Georgia",13207,27520,68.27,7,14,1.14911672503542,1.15045875460918,4.98690061951231,0,0
"Muscogee","Georgia",13215,194160,908.89,31,14,1.27798523198383,1.28544972619938,2.8258872121494,0,0
"Newton","Georgia",13217,109541,391.3,42,19,1.21740245490927,1.2244841794312,3.52353144489201,0,0
"Oconee","Georgia",13219,39272,200.86,21,14,1.24292303070229,1.25857706530106,3.18738348175734,0,0
"Paulding","Georgia",13223,164044,499.14,46,18,1.23701633641799,1.24213423036153,3.25876674204072,0,0
"Peach","Georgia",13225,27297,179.45,10,15,1.16591440117983,1.17022903579257,4.51544993495972,0,0
"Pickens","Georgia",13227,31980,132.86,9,14,1.11341748386022,1.18215563116419,6.45183588865718,0,0
"Polk","Georgia",13233,42470,134.12,18,28,1.10874368916858,1.1105052591786,6.71474906390768,0,0
"Randolph","Georgia",13243,6833,16.55,11,14,1.18682091674721,1.1557700413386,4.04690756845043,0,0
"Richmond","Georgia",13245,201554,621.17,49,17,1.25725478975605,1.26606670172484,3.02776109041819,0,0
"Rockdale","Georgia",13247,90594,685.79,67,15,1.32354380673227,1.33470101105415,2.47276285083241,0,0
"Spalding","Georgia",13255,66100,329.41,23,14,1.19059521133556,1.26116294822156,3.97325211663554,0,0
"Sumter","Georgia",13261,29733,62.88,67,14,1.28508475606877,1.35156220651633,2.76347286312481,0,0
"Terrell","Georgia",13273,8611,26.41,50,14,1.25849895064183,1.34133589806528,3.01473590651375,0,0
"Tift","Georgia",13277,40571,156.46,34,14,1.28644537878275,1.29982182158545,2.75186285125952,0,0
"Troup","Georgia",13285,70034,168.54,30,18,1.20798708724932,1.20572078433061,3.66831084762911,0,0
"Turner","Georgia",13287,7912,27.9,12,14,1.19422009496884,1.16139346268506,3.90520123911582,0,0
"Whitfield","Georgia",13313,104062,357.53,15,17,1.17268626561526,1.17934276742312,4.35128642176686,0,0
"Worth","Georgia",13321,20299,36.19,33,14,1.22169596324077,1.29716384525005,3.46158153405207,0,0
"Hawaii","Hawaii",15001,200983,49.07,20,17,1.19269988180426,1.2041452964483,3.9334296237159,0,0
"Honolulu","Hawaii",15003,980080,1644.03,237,28,1.21566087892179,1.22096589016248,3.54936130085238,0,0
"Kauai","Hawaii",15007,72133,115.13,13,20,1.09810954826649,1.14846245176035,7.40620124405793,0,0
"Maui","Hawaii",15009,167207,142.3,36,19,1.20756539196987,1.21405079220857,3.67510166872815,0,0
"Ada","Idaho",16001,469966,423.77,351,21,1.32191977928435,1.32851036477503,2.48364131308493,0,0
"Bingham","Idaho",16011,46236,21.75,2,14,1.05075663865322,1.04220096088902,14,0,0
"Blaine","Idaho",16013,22601,8.32,405,20,1.30413109878264,1.35734240774895,2.61036012068999,0,0
"Canyon","Idaho",16027,223499,361.32,89,14,1.37797755388684,1.3967985771775,2.16191727921554,0,0
"Kootenai","Idaho",16055,161505,123.46,37,14,1.19655955529096,1.3168712649779,3.86261147339273,0,0
"Madison","Idaho",16065,39304,82.49,4,17,1.08496391364364,1.0866215257726,8.5,0,0
"Teton","Idaho",16081,11640,24.65,3,20,1.05646730854954,1.0556807521473,12.6185950714291,0,0
"Twin Falls","Idaho",16083,86081,43.55,33,16,1.24424848678778,1.23248522725499,3.17183781072897,0,0
"Adams","Illinois",17001,65691,77.67,2,14,1.05075663865322,1.05329658863381,14,0,0
"Christian","Illinois",17021,32661,46.85,17,14,1.22430383160046,1.24331184567703,3.42510758965516,0,0
"Clinton","Illinois",17027,37639,79.37,8,19,1.11565791776154,1.12608620902638,6.33333333333334,0,0
"Cook","Illinois",17031,5180493,5525.84,6473,70,1.13355961704428,1.13236096625068,5.529130354634,0,0
"Cumberland","Illinois",17035,10808,31.4,1,20,0,0,Inf,0,0
"DuPage","Illinois",17043,928589,2845.03,500,20,1.36442133032142,1.381305962416,2.23070278795513,0,0
"Jackson","Illinois",17077,57419,100.24,8,16,1.13878863475669,1.12045910539752,5.33333333333334,0,0
"Kane","Illinois",17089,534216,1020.73,176,24,1.24040362802948,1.24967880539056,3.21740331261115,0,0
"Kankakee","Illinois",17091,110024,164.16,68,16,1.3017626511353,1.31719508300876,2.6283527993928,0,0
"Kendall","Illinois",17093,127915,389.05,37,16,1.17001796278383,1.26120954276676,4.41441311244884,0,0
"Lake","Illinois",17097,700832,1585.91,608,23,1.32141516331587,1.33325666159785,2.48704371509889,0,0
"LaSalle","Illinois",17099,109430,97.26,6,16,1.11849604597382,1.13134468522183,6.18964491575267,0,0
"McHenry","Illinois",17111,308570,510.28,102,24,1.21252771409459,1.21504492404591,3.59689299916674,0,0
"McLean","Illinois",17113,172828,146.38,35,14,1.16757903846552,1.29691123554298,4.47386827084366,0,0
"Madison","Illinois",17119,264461,371.26,31,16,1.23939604475179,1.24590834595915,3.2295853853136,0,0
"Peoria","Illinois",17143,180621,297.9,11,18,1.14249721259832,1.15247950892357,5.20316687372198,0,0
"St. Clair","Illinois",17163,261059,400.55,57,20,1.18233962010056,1.2350419970621,4.13831060532764,0,0
"Sangamon","Illinois",17167,195348,227.64,23,20,1.12988668820156,1.17368297812249,5.67607445233649,0,0
"Washington","Illinois",17189,13995,25.16,1,16,0,0,Inf,0,0
"Whiteside","Illinois",17195,55626,82.42,9,19,1.12259548185978,1.10149583429866,5.99383265892885,0,0
"Will","Illinois",17197,692310,822.91,455,18,1.40497080509086,1.41794747439306,2.03856910800547,0,0
"Williamson","Illinois",17199,67056,160.18,2,16,1.04427378242741,1.01044968590177,16,0,0
"Winnebago","Illinois",17201,284081,557.45,28,19,1.19169800465666,1.19040683918522,3.95227735585368,0,0
"Woodford","Illinois",17203,38463,73.55,4,20,1.07177346253629,1.07256338194282,10,0,0
"Adams","Indiana",18001,35636,103.81,1,24,0,0,Inf,0,0
"Allen","Indiana",18003,375351,562.93,58,14,1.33646977808541,1.34928935402211,2.38990191529208,0,0
"Bartholomew","Indiana",18005,82753,201.26,23,18,1.19028660552886,1.18303960462568,3.97916513023507,0,0
"Boone","Indiana",18011,66999,152.09,38,24,1.16365520522762,1.15890354559942,4.57323389824256,0,0
"Clark","Indiana",18019,117360,310.31,55,16,1.28461405133414,1.29353363919543,2.76751504712123,0,0
"Fayette","Indiana",18041,23047,108.17,13,16,1.17387393494218,1.17444230986753,4.32381047083711,0,0
"Floyd","Indiana",18043,77781,519.21,37,18,1.22214382558588,1.22429215930623,3.45525696011808,0,0
"Franklin","Indiana",18047,22736,59.42,48,17,1.20556018527318,1.27000674025549,3.70777296375404,0,0
"Grant","Indiana",18053,65936,161.67,12,14,1.19422009496884,1.20123731729103,3.90520123911582,0,0
"Hamilton","Indiana",18057,330086,801.73,220,19,1.32826706502681,1.34115328452451,2.44173264050194,0,0
"Hendricks","Indiana",18063,167009,395.52,138,26,1.20865691694421,1.20639136781855,3.6575804385407,0,0
"Howard","Indiana",18067,82366,281.13,25,23,1.15021757809209,1.15060521888909,4.95278041784402,0,0
"Jennings","Indiana",18079,27611,73.63,31,16,1.23939604475179,1.23560300511436,3.2295853853136,0,0
"Johnson","Indiana",18081,156225,473.01,136,23,1.18036998861273,1.24760628982972,4.17991796031185,0,0
"Lake","Indiana",18089,484411,975.73,244,17,1.32656046142253,1.39547504012495,2.45284147587937,0,0
"LaPorte","Indiana",18091,110007,184.78,17,20,1.1521856078291,1.13972938911477,4.89301084236452,0,0
"Madison","Indiana",18095,129641,286.57,67,16,1.30055785117506,1.30850733986077,2.63761370755457,0,0
"Marion","Indiana",18097,954670,2383.36,1429,28,1.29622299764405,1.30507502271891,2.67155428767885,0,0
"Noble","Indiana",18113,47532,115.5,5,25,1.06649494220837,1.03887446921109,10.7669139518348,0,0
"Owen","Indiana",18119,20845,54.19,13,15,1.18648674323491,1.20182637145719,4.0535723164098,0,0
"St. Joseph","Indiana",18141,270771,588.05,72,23,1.20435241214438,1.20932185498152,3.72776006104181,0,0
"Shelby","Indiana",18145,44593,107.99,26,14,1.26202955281232,1.27216817543995,2.97844474974708,0,0
"Tippecanoe","Indiana",18157,193048,378.73,26,15,1.24260059299451,1.24532049460959,3.19119080330045,0,0
"Vigo","Indiana",18167,107386,267.02,9,14,1.16993081275869,1.19227983483244,4.4165082750002,0,0
"Wayne","Indiana",18177,65936,165.81,6,15,1.12687761019083,1.08295615978381,5.80279210851812,0,0
"Wells","Indiana",18179,28206,75.92,2,20,1.03526492384138,1.02319799450444,20,0,0
"Adair","Iowa",19001,7063,12.51,1,17,0,0,Inf,0,0
"Allamakee","Iowa",19005,13832,21.72,16,19,1.11565791776154,1.15271751316342,6.33333333333334,0,0
"Black Hawk","Iowa",19013,132408,235.09,8,17,1.13011578342933,1.14387664840345,5.66666666666667,0,0
"Carroll","Iowa",19027,20154,35.73,1,22,0,0,Inf,0,0
"Dallas","Iowa",19049,90180,142.75,33,20,1.19103821706404,1.19834787750896,3.96479726341121,0,0
"Dubuque","Iowa",19061,96854,159.13,23,15,1.23248560546254,1.25549254040594,3.31597094186256,0,0
"Harrison","Iowa",19085,14134,20.3,10,21,1.11588399250775,1.12454056946833,6.32162990894361,0,0
"Johnson","Iowa",19103,151260,239.4,83,26,1.13621332549578,1.19915324711181,5.42788777227496,0,0
"Muscatine","Iowa",19139,42929,98.18,22,15,1.22883860148964,1.2401270582494,3.36365736326363,0,0
"Polk","Iowa",19153,487204,826.56,100,19,1.27427498570313,1.28668763800376,2.85978495880782,0,0
"Pottawattamie","Iowa",19155,93533,98.4,6,25,1.07430117322086,1.06750835989925,9.67132018086355,0,0
"Washington","Iowa",19183,22141,38.93,43,16,1.26500364959524,1.27091847490134,2.9486213303793,0,0
"Winneshiek","Iowa",19191,20029,29.57,4,16,1.09050773266526,1.0874366642987,8,0,0
"Butler","Kansas",20015,66765,46.49,7,21,1.09709128161017,1.08889170780886,7.48035092926847,0,0
"Cherokee","Kansas",20021,20015,34.6,5,15,1.1132635768448,1.09931329977256,6.4601483711009,0,0
"Douglas","Kansas",20045,121436,261.74,31,17,1.22384708694904,1.24412250400667,3.4314344718957,0,0
"Ford","Kansas",20057,33888,31.4,2,17,1.04161601065058,1.00931757163255,17,0,0
"Franklin","Kansas",20059,25631,44.71,9,20,1.1161231740339,1.11291598512108,6.30929753571458,0,0
"Johnson","Kansas",20091,597555,1236.87,172,27,1.21003337707254,1.21840125072068,3.63574433336818,0,0
"Leavenworth","Kansas",20103,81352,172.94,31,16,1.18684971853915,1.25332199889248,4.0463342596247,0,0
"Linn","Kansas",20107,9750,16.22,5,15,1.1132635768448,1.13278997959515,6.4601483711009,0,0
"Morris","Kansas",20127,5521,8.01,2,15,0,0,Inf,0,0
"Reno","Kansas",20155,62342,50.27,9,14,1.16993081275869,1.18400746018199,4.4165082750002,0,0
"Riley","Kansas",20161,73703,123.48,11,14,1.18682091674721,1.15055527112588,4.04690756845043,0,0
"Sedgwick","Kansas",20173,513607,513.34,85,15,1.34470781351635,1.36347940527012,2.34031597533337,0,0
"Wyandotte","Kansas",20209,165324,1084.07,131,22,1.24807189732928,1.25278997489352,3.12792220732223,0,0
"Bourbon","Kentucky",21017,20184,69.53,6,20,1.09372354772644,1.08642283461424,7.73705614469083,0,0
"Calloway","Kentucky",21035,39135,100.71,5,14,1.121828396254,1.12061088060142,6.0294718130275,0,0
"Christian","Kentucky",21047,71671,100.71,15,15,1.19786005826964,1.2004708599496,3.83937037214723,0,0
"Clark","Kentucky",21049,36249,142.09,11,19,1.1345147362524,1.1396024662165,5.49223170003987,0,0
"Daviess","Kentucky",21059,101104,218.04,44,15,1.28695544523522,1.30817984353292,2.7475387637045,0,0
"Fayette","Kentucky",21067,323780,1123.69,124,28,1.18785945854859,1.19572537022456,4.02634592845457,0,0
"Franklin","Kentucky",21073,50815,242.1,7,16,1.12932418147247,1.13302368177253,5.69931499372835,0,0
"Harrison","Kentucky",21097,18778,60.93,19,26,1.11990924754339,1.12592462734736,6.1206317475326,0,0
"Henderson","Kentucky",21101,45591,105.66,7,15,1.13851791642936,1.15522596258717,5.34310780662034,0,0
"Jefferson","Kentucky",21111,770517,2016.62,249,26,1.23640716559091,1.24513352918274,3.2663308654807,0,0
"Kenton","Kentucky",21117,166051,1027.7,31,16,1.23939604475179,1.25670762308415,3.2295853853136,0,0
"Lyon","Kentucky",21143,8009,38.28,2,17,1.04161601065058,1.02462575564262,17,0,0
"Montgomery","Kentucky",21173,28203,140.65,6,22,1.08485204348006,1.07280398120165,8.51076175915992,0,0
"Nelson","Kentucky",21179,45851,108.71,4,20,1.07177346253629,1.068933099054,10,0,0
"Pulaski","Kentucky",21199,64623,97.42,11,15,1.17334622119341,1.18799882265674,4.33597239476832,0,0
"Scott","Kentucky",21209,56031,189.93,8,15,1.14869835499704,1.1597075509518,5,0,0
"Warren","Kentucky",21227,131264,233.43,18,16,1.19799369275656,1.21305308402001,3.8369994650901,0,0
"Ascension","Louisiana",22005,124672,417.88,222,18,1.35005960514827,1.37018893520839,2.30934560185699,0,0
"Assumption","Louisiana",22007,22300,67.07,33,15,1.26250836021479,1.2727245371933,2.97359794755841,0,0
"Bossier","Louisiana",22015,127185,150.15,95,20,1.25570082696316,1.26716022398332,3.04420693426487,0,0
"Caddo","Louisiana",22017,242922,282.7,377,23,1.29424006926071,1.30559295821036,2.68741170486532,0,0
"Calcasieu","Louisiana",22019,203112,188.2,119,15,1.37521245632592,1.38980463465314,2.1755469854222,0,0
"Catahoula","Louisiana",22025,9608,13.97,6,14,1.13653347600972,1.11411423423034,5.41593930128358,0,0
"De Soto","Louisiana",22031,27436,31.08,46,14,1.25102582225957,1.33459799403114,3.09490621240505,0,0
"East Baton Rouge","Louisiana",22033,440956,975.23,389,17,1.42020153119354,1.43438258942028,1.975911007561,0,0
"Iberia","Louisiana",22045,70941,126.61,78,15,1.33702534573966,1.34055709297786,2.38648211803941,0,0
"Iberville","Louisiana",22047,32721,53.27,81,15,1.34039356622565,1.34345539590172,2.36598657589297,0,0
"Jefferson","Louisiana",22051,434051,1472.44,2495,25,1.36735984528856,1.37303404535986,2.2153646151651,0,0
"Lafayette","Louisiana",22055,242782,893.46,276,15,1.35182099918537,1.46672581023217,2.29935732979017,0,0
"Lafourche","Louisiana",22057,98115,91.94,185,20,1.29825076273719,1.29790668979313,2.65555530613489,0,0
"Livingston","Louisiana",22063,139567,213.08,40,15,1.27880403939974,1.28392002810883,2.81852737063661,0,0
"Orleans","Louisiana",22071,391006,2299.85,3476,24,1.31347327331119,1.4153533770997,2.54202704936681,0,0
"Plaquemines","Louisiana",22075,23410,29.97,75,15,1.33353397302878,1.3416256009777,2.40816128151032,0,0
"Rapides","Louisiana",22079,130562,99.81,81,14,1.30262142183232,1.39345371320959,2.62179649099452,0,0
"St. Bernard","Louisiana",22087,46721,121.04,196,19,1.32021619645556,1.32145851750548,2.49517058285334,0,0
"St. Charles","Louisiana",22089,52879,188.92,210,21,1.28997671539516,1.28369751853114,2.72223640690572,0,0
"St. James","Louisiana",22093,21037,88.42,116,15,1.37287353324042,1.39347421887372,2.18723265792908,0,0
"St. John the Baptist","Louisiana",22095,43184,203.9,290,20,1.32776097499935,1.32807707559058,2.44501494819956,0,0
"St. Landry","Louisiana",22097,82764,90.32,68,15,1.26502350323725,1.32734626539823,2.94842448349234,0,0
"St. Tammany","Louisiana",22103,258111,298.14,435,21,1.29213408813113,1.34332182044636,2.70448773744747,0,0
"Tangipahoa","Louisiana",22105,133777,164.93,55,14,1.33140940567523,1.33294899390591,2.42157566623108,0,0
"Terrebonne","Louisiana",22109,111021,91.4,102,21,1.24637183728478,1.24557899240089,3.1472813742709,0,0
"Washington","Louisiana",22117,46582,69.39,57,17,1.26848914816787,1.2703821572364,2.91450720975653,0,0
"Webster","Louisiana",22119,38798,66.83,23,15,1.23248560546254,1.24008478666457,3.31597094186256,0,0
"West Baton Rouge","Louisiana",22121,26427,134.41,23,15,1.17682853231635,1.23811583425234,4.25705583925237,0,0
"Androscoggin","Maine",23001,107679,229.62,19,22,1.14320775982002,1.13312774798526,5.17899609406604,0,0
"Cumberland","Maine",23005,293557,348.34,222,21,1.29339475073042,1.31003702196479,2.69423653549983,0,0
"Kennebec","Maine",23011,122083,140.11,19,17,1.18910662857408,1.19823908837661,4.00195152723285,0,0
"Lincoln","Maine",23015,34342,74.74,8,19,1.11565791776154,1.12990029444668,6.33333333333334,0,0
"Oxford","Maine",23017,57618,27.6,10,17,1.14504756993828,1.16280062542438,5.11750992628768,0,0
"Penobscot","Maine",23019,151096,44.67,20,16,1.2059085510307,1.20899115005018,3.70205141055615,0,0
"York","Maine",23031,206229,205.01,89,17,1.30217694044684,1.31507957288064,2.62518526761887,0,0
"Anne Arundel","Maryland",24003,576031,1368.27,249,21,1.30048315383011,1.30544011982964,2.63819031442672,0,0
"Baltimore","Maryland",24005,828431,1383.29,427,23,1.30126703921351,1.3063914114816,2.63215348575399,0,0
"Calvert","Maryland",24009,92003,427.31,30,15,1.25451179898736,1.25377882039068,3.05692570635759,0,0
"Carroll","Maryland",24013,168429,374.27,129,20,1.27505666430893,1.28524885514953,2.8525676420672,0,0
"Charles","Maryland",24017,161503,344.45,90,21,1.23896536835385,1.23525852987829,3.23482366103953,0,0
"Frederick","Maryland",24021,255648,376.35,54,18,1.24808481054925,1.25260203442298,3.12777617168592,0,0
"Harford","Maryland",24025,253956,574.31,41,26,1.15353333229624,1.15425753076496,4.85296269221252,0,0
"Howard","Maryland",24027,323196,1257.58,166,19,1.3087231783051,1.32434213030442,2.57625741216274,0,0
"Montgomery","Maryland",24031,1052567,2117.3,566,29,1.19804256273951,1.25132641488778,3.83613322404732,0,0
"Prince George's","Maryland",24033,909308,1877.4,563,25,1.28830987525704,1.29465607012677,2.7361304934342,0,0
"Talbot","Maryland",24041,36968,138.57,5,18,1.09353242956046,1.07925738102344,7.75217804532107,0,0
"Wicomico","Maryland",24045,103195,272.86,7,15,1.13851791642936,1.16184023849895,5.34310780662034,0,0
"Worcester","Maryland",24047,51823,110.11,5,14,1.121828396254,1.12035645594502,6.0294718130275,0,0
"Baltimore city","Maryland",24510,602495,7594.17,313,19,1.3531453168668,1.36303427409834,2.29191276290405,0,0
"Barnstable","Massachusetts",25001,213413,542.74,314,20,1.33305013253844,1.34667292159836,2.41120125988551,0,0
"Berkshire","Massachusetts",25003,126348,137.38,240,27,1.22505608520621,1.23268636527423,3.41474308687106,0,0
"Bristol","Massachusetts",25005,564022,1010.5,517,20,1.36670419404902,1.37744869295206,2.21876576227713,0,0
"Essex","Massachusetts",25009,790638,1585.63,1238,24,1.34543697964676,1.35506243847797,2.33604024610296,0,0
"Franklin","Massachusetts",25011,70963,101.43,89,16,1.32384419501381,1.3418011686729,2.47076260481776,0,0
"Hampden","Massachusetts",25013,470406,760.14,661,19,1.40744572342027,1.41824722660714,2.02807139836698,0,0
"Hampshire","Massachusetts",25015,161355,305.66,114,15,1.37128267812567,1.38587338881249,2.19526437113793,0,0
"Middlesex","Massachusetts",25017,1614714,1950.55,2202,29,1.30397589311428,1.31073678513636,2.61153064992029,0,0
"Norfolk","Massachusetts",25021,705388,1762.79,1045,32,1.24264587949045,1.24910602906671,3.19065545495134,0,0
"Plymouth","Massachusetts",25023,518132,777.05,745,19,1.33676317954926,1.43109201594066,2.38809448486622,0,0
"Suffolk","Massachusetts",25025,807252,13614.92,2183,62,1.13202418507554,1.12909260348637,5.58956555013423,0,0
"Worcester","Massachusetts",25027,830839,544.28,825,26,1.29470643249344,1.29920046831913,2.68366311463791,0,0
"Bay","Michigan",26017,103923,236.91,18,21,1.14755862431587,1.13668729008297,5.03606179793076,0,0
"Charlevoix","Michigan",26029,26244,62.98,5,21,1.07965322389736,1.08452705522185,9.04420771954125,0,0
"Clinton","Michigan",26037,79332,137.53,49,15,1.29622304603066,1.30226334457621,2.67155390331017,0,0
"Eaton","Michigan",26045,109826,189.78,47,15,1.2342539453932,1.29056615747999,3.29338179328193,0,0
"Genesee","Michigan",26049,406892,642.66,422,15,1.49630742175892,1.51006957886492,1.71996667798748,0,0
"Ingham","Michigan",26065,292735,520.69,152,22,1.25653534269012,1.26060767262114,3.03535044455039,0,0
"Jackson","Michigan",26075,158823,226.48,69,17,1.28282552754921,1.29654288226397,2.78299614256867,0,0
"Kent","Michigan",26081,653786,759.36,136,22,1.18930080140167,1.26266886492061,3.99818239682003,0,0
"Leelanau","Michigan",26089,21764,62.33,1,21,0,0,Inf,0,0
"Livingston","Michigan",26093,191224,333.45,121,15,1.2795117379875,1.39813103567754,2.81220081528784,0,0
"Macomb","Michigan",26099,874759,1812.73,1560,21,1.41923251466392,1.43152067925596,1.97976299208662,0,0
"Midland","Michigan",26111,83209,161.53,16,15,1.20302503608212,1.21261487184412,3.75,0,0
"Monroe","Michigan",26115,150439,272.48,95,20,1.25570082696316,1.25836189876525,3.04420693426487,0,0
"Montcalm","Michigan",26117,63968,89.61,12,22,1.11957629115799,1.10466856668236,6.13674480432486,0,0
"Oakland","Michigan",26125,1259201,1441.62,2540,24,1.38633462896576,1.39897699778318,2.1219009494266,0,0
"Otsego","Michigan",26137,24665,47.38,20,17,1.19269988180426,1.21124570943519,3.9334296237159,0,0
"Ottawa","Michigan",26139,290494,504.08,37,19,1.2093080193577,1.22468688446191,3.64721568012464,0,0
"St. Clair","Michigan",26147,159337,221.26,66,22,1.20978039561553,1.20569806093948,3.63973618621928,0,0
"Washtenaw","Michigan",26161,370963,518.38,477,22,1.28253035788905,1.33657174240575,2.78556982692935,0,0
"Wayne","Michigan",26163,1753893,2877.7,6096,24,1.43783882566186,1.45039726301652,1.90875405060452,0,0
"Anoka","Minnesota",27003,353813,821.33,34,24,1.15827483686549,1.15882234676635,4.71747917358775,0,0
"Benton","Minnesota",27009,40545,97.43,1,18,0,0,Inf,0,0
"Blue Earth","Minnesota",27013,67427,88.68,10,18,1.13646366638572,1.15152231463937,5.41853992195166,0,0
"Carver","Minnesota",27019,103551,283.4,11,26,1.09661344140868,1.10505308773368,7.51568548426508,0,0
"Chisago","Minnesota",27025,55922,131.92,4,14,1.10408951367381,1.10021589731694,7.00000000000001,0,0
"Clay","Minnesota",27027,63955,60.08,8,14,1.16012938616016,1.16984013117729,4.66666666666667,0,0
"Dakota","Minnesota",27037,425423,743.91,54,22,1.1987956845695,1.21323888654111,3.82283754317168,0,0
"Fillmore","Minnesota",27045,21058,24.25,9,14,1.11341748386022,1.18625825781462,6.45183588865718,0,0
"Hennepin","Minnesota",27053,1259428,2231.75,242,22,1.28337993167792,1.30249279686263,2.7781765312532,0,0
"Martin","Minnesota",27091,19785,28.03,32,17,1.17714669390892,1.24290132282212,4.25,0,0
"Mower","Minnesota",27099,40011,55.67,15,15,1.19786005826964,1.2205743330143,3.83937037214723,0,0
"Nicollet","Minnesota",27103,34220,75.33,3,17,1.06675811713285,1.08465275239981,10.7258058107148,0,0
"Olmsted","Minnesota",27109,156277,234.28,76,23,1.20718687231944,1.21523978169909,3.68122068486089,0,0
"Ramsey","Minnesota",27123,550210,3557.48,71,28,1.16443799982181,1.17222777840041,4.55303274360575,0,0
"Renville","Minnesota",27129,14612,14.98,2,20,1.03526492384138,1.01300533476359,20,0,0
"Rice","Minnesota",27131,66523,132.68,3,16,1.07107548307291,1.08745470332605,10.0948760571433,0,0
"Scott","Minnesota",27139,147381,402.19,11,15,1.17334622119341,1.19346980499522,4.33597239476832,0,0
"Stearns","Minnesota",27145,159256,116.76,5,22,1.04252909035791,1.09257250834226,16.6423575420526,0,0
"Waseca","Minnesota",27161,18691,44.43,3,19,1.05952606473828,1.07064390756537,11.9876653178577,0,0
"Washington","Minnesota",27163,259201,659.2,51,19,1.22990655037849,1.24225064164865,3.34953725338876,0,0
"Wright","Minnesota",27171,136349,200.69,7,21,1.09709128161017,1.10462681906831,7.48035092926847,0,0
"Adams","Mississippi",28001,31192,68.22,14,14,1.20744202741841,1.21824592850088,3.67709349052071,0,0
"Bolivar","Mississippi",28011,31333,37.18,32,16,1.18920711500272,1.2490484010484,4,0,0
"Coahoma","Mississippi",28027,22628,43.09,26,16,1.17387393494218,1.24495632000579,4.32381047083711,0,0
"Copiah","Mississippi",28029,28543,36.95,11,21,1.12096003155938,1.12861501598647,6.07036135267564,0,0
"DeSoto","Mississippi",28033,182001,369.91,111,16,1.3422477547686,1.36589860600366,2.35487499068776,0,0
"Forrest","Mississippi",28035,75036,161.94,30,23,1.15937161487935,1.16717077028034,4.68728608308164,0,0
"Franklin","Mississippi",28037,7788,13.76,3,14,1.08163340035277,1.1039011934732,8.83301655000041,0,0
"Hancock","Mississippi",28045,47334,98.48,28,18,1.2033658106683,1.2046212596307,3.74426275817717,0,0
"Harrison","Mississippi",28047,206650,353.01,69,17,1.28282552754921,1.29527460231526,2.78299614256867,0,0
"Hinds","Mississippi",28049,237085,277.98,139,19,1.25010522005988,1.30827538905886,3.10511243272085,0,0
"Holmes","Mississippi",28051,17622,23.89,16,15,1.20302503608212,1.22870404514422,3.75,0,0
"Humphreys","Mississippi",28053,8257,20.4,4,14,1.10408951367381,1.10200978393575,7.00000000000001,0,0
"Jackson","Mississippi",28059,143277,196.49,75,17,1.2891329866407,1.29584922115973,2.72924945237836,0,0
"Jones","Mississippi",28067,68461,98.52,8,15,1.14869835499704,1.14657793683115,5,0,0
"Lafayette","Mississippi",28071,54793,84.63,21,14,1.24292303070229,1.2552687420637,3.18738348175734,0,0
"Lawrence","Mississippi",28077,12455,29.33,5,14,1.121828396254,1.14699461276233,6.0294718130275,0,0
"Lee","Mississippi",28081,85202,188.72,26,14,1.26202955281232,1.29090791967609,2.97844474974708,0,0
"Leflore","Mississippi",28083,28919,50.3,21,21,1.1560132810008,1.17045777288912,4.78107522263601,0,0
"Madison","Mississippi",28089,105630,144.85,65,16,1.29809681635091,1.31335397833943,2.65676233945501,0,0
"Marshall","Mississippi",28093,35451,50.68,19,14,1.23406928420521,1.25188018724915,3.29572478713294,0,0
"Monroe","Mississippi",28095,35564,46.84,12,18,1.14803337460764,1.13919435201092,5.02097302172034,0,0
"Pearl River","Mississippi",28109,55387,68.01,41,21,1.19343626675419,1.20213591311847,3.91970063601781,0,0
"Perry","Mississippi",28111,11931,18.58,11,16,1.16168141877175,1.12849408911069,4.62503722108621,0,0
"Pike","Mississippi",28113,39563,97.15,21,14,1.24292303070229,1.26824838589582,3.18738348175734,0,0
"Rankin","Mississippi",28121,153902,195.03,64,14,1.24432195991119,1.36257914253019,3.17098099445062,0,0
"Scott","Mississippi",28123,28287,46.64,17,15,1.20789707081543,1.20871198337665,3.66975813177339,0,0
"Smith","Mississippi",28129,16002,25.25,6,14,1.13653347600972,1.09621674839068,5.41593930128358,0,0
"Tippah","Mississippi",28139,21995,48.03,30,14,1.17876863479359,1.30255361962825,4.21441993929574,0,0
"Walthall","Mississippi",28147,14465,36.15,11,15,1.17334622119341,1.17084339832758,4.33597239476832,0,0
"Wilkinson","Mississippi",28157,8792,13.26,22,15,1.22883860148964,1.23628828912392,3.36365736326363,0,0
"Winston","Mississippi",28159,18165,30.23,11,15,1.17334622119341,1.17360106592363,4.33597239476832,0,0
"Yazoo","Mississippi",28163,28248,30.31,13,15,1.18648674323491,1.18750895596266,4.0535723164098,0,0
"Boone","Missouri",29019,180005,257.53,74,17,1.28811550260908,1.31043518207016,2.73776111985956,0,0
"Cass","Missouri",29037,104954,147.35,21,18,1.1842860877351,1.19033190112057,4.09806447654516,0,0
"Christian","Missouri",29043,86983,149.78,13,14,1.14305003098252,1.21652794415861,5.18434087084055,0,0
"Cole","Missouri",29051,76796,194.9,26,17,1.21124982231913,1.23014315143498,3.61668291040717,0,0
"Dunklin","Missouri",29069,29423,56.24,7,14,1.14911672503542,1.15084984820119,4.98690061951231,0,0
"Greene","Missouri",29077,291923,427.11,60,22,1.20455062371428,1.21620561681758,3.72446376717319,0,0
"Henry","Missouri",29083,21792,31.23,1,21,0,0,Inf,0,0
"Jackson","Missouri",29095,700307,1144.82,120,17,1.27232228021808,1.33723843712544,2.87799472917928,0,0
"Pulaski","Missouri",29169,52014,96.13,10,14,1.17876863479359,1.18444225031302,4.21441993929574,0,0
"St. Charles","Missouri",29183,399182,695.86,132,16,1.35686259619912,1.36913080559708,2.27130960149304,0,0
"St. Louis","Missouri",29189,996945,1966.69,794,27,1.28056243972177,1.28587220286034,2.80286654850694,0,0
"Scott","Missouri",29201,38458,92.21,7,14,1.14911672503542,1.151872789746,4.98690061951231,0,0
"St. Louis city","Missouri",29510,302838,5027.92,275,16,1.42055578596575,1.42880165146248,1.97450718502068,0,0
"Broadwater","Montana",30007,6085,4.89,4,15,1.09682497969463,1.09489238128141,7.5,0,0
"Flathead","Montana",30029,102106,19.28,20,15,1.22105530006757,1.22760023434803,3.47067319739639,0,0
"Gallatin","Montana",30031,111876,40.24,101,21,1.2457872303927,1.25799185848331,3.15400014769745,0,0
"Lewis and Clark","Montana",30049,68700,19.39,13,21,1.12991278190825,1.14095225498813,5.67500124297371,0,0
"Madison","Montana",30057,8768,2.29,6,15,1.12687761019083,1.13750341151584,5.80279210851812,0,0
"Missoula","Montana",30063,118791,44.72,17,20,1.11293793626649,1.16155237549732,6.47781075541643,0,0
"Roosevelt","Montana",30085,11059,4.77,1,15,0,0,Inf,0,0
"Silver Bow","Montana",30093,34993,48.46,11,21,1.12096003155938,1.13030542887115,6.07036135267564,0,0
"Yellowstone","Montana",30111,160137,59.93,38,21,1.18912576819155,1.20074703500408,4.00157966096224,0,0
"Adams","Nebraska",31001,31511,56.07,6,16,1.11849604597382,1.10620769237711,6.18964491575267,0,0
"Buffalo","Nebraska",31019,49615,50.64,10,14,1.17876863479359,1.17961892449897,4.21441993929574,0,0
"Cass","Nebraska",31025,26159,46.11,2,22,1.03200827973421,1.03787395779312,22,0,0
"Douglas","Nebraska",31055,566880,1689.71,138,46,1.05871722784218,1.1146898197407,12.1481128706917,0,0
"Knox","Nebraska",31107,8419,7.63,2,17,1.04161601065058,1.05526641413661,17,0,0
"Lancaster","Nebraska",31109,317272,370.24,14,14,1.20744202741841,1.2089903505487,3.67709349052071,0,0
"Lincoln","Nebraska",31111,35185,13.82,14,16,1.17932363457299,1.17062783669049,4.2023925605951,0,0
"Nemaha","Nebraska",31127,6958,17.19,1,15,0,0,Inf,0,0
"Sarpy","Nebraska",31153,184459,746.27,26,17,1.21124982231913,1.21529593414521,3.61668291040717,0,0
"Clark","Nevada",32003,2231647,271.38,1279,29,1.27977454307201,1.28723558124769,2.8098595513642,0,0
"Elko","Nevada",32007,52460,3.04,7,15,1.13851791642936,1.13394083462288,5.34310780662034,0,0
"Nye","Nevada",32023,45346,2.4,7,14,1.14911672503542,1.10627855020875,4.98690061951231,0,0
"Washoe","Nevada",32031,465735,71.48,229,29,1.2060731171187,1.20613938257898,3.69935528963205,0,0
"Carson City","Nevada",32510,55414,376.51,9,22,1.10503150339647,1.09868849535681,6.94022728928604,0,0
"Belknap","New Hampshire",33001,61022,151.51,14,16,1.12932418147247,1.19749919320878,5.69931499372835,0,0
"Carroll","New Hampshire",33003,48779,51.38,17,18,1.17046457346634,1.17688074504856,4.40370975812807,0,0
"Cheshire","New Hampshire",33005,76493,107.92,9,14,1.16993081275869,1.16208017642001,4.4165082750002,0,0
"Grafton","New Hampshire",33009,89786,52.56,38,32,1.12038745504962,1.12881954620169,6.09764519765675,0,0
"Hillsborough","New Hampshire",33011,415247,469.2,194,19,1.31950371521719,1.32697299106358,2.50002867066198,0,0
"Merrimack","New Hampshire",33013,151132,159.99,36,16,1.25103340485907,1.26386452248561,3.09482245787633,0,0
"Rockingham","New Hampshire",33015,309176,439.21,190,27,1.21450213197737,1.22135911968403,3.56677873357126,0,0
"Atlantic","New Jersey",34001,265429,483.24,75,16,1.22284454499385,1.30690522975055,3.44541246458714,0,0
"Bergen","New Jersey",34003,936692,3991.26,4866,30,1.32710637936342,1.3342397255772,2.44927538333931,0,0
"Burlington","New Jersey",34005,445384,558.95,367,24,1.2425622907664,1.28300322937317,3.19164374352888,0,0
"Camden","New Jersey",34007,507078,2293.05,406,28,1.23925775143927,1.24148708935092,3.23126538516183,0,0
"Cape May","New Jersey",34009,92560,372.7,44,15,1.28695544523522,1.28109185192148,2.7475387637045,0,0
"Cumberland","New Jersey",34011,150972,317.14,36,14,1.29170834209075,1.29896027641939,2.70796965064179,0,0
"Essex","New Jersey",34013,799767,6287.46,3067,22,1.44041285907633,1.45420056140763,1.89939878352689,0,0
"Gloucester","New Jersey",34015,291408,903.25,183,17,1.30430065211807,1.37474107865874,2.60908274198172,0,0
"Hudson","New Jersey",34017,676061,14475.35,2835,25,1.37436511322104,1.3816645721167,2.1797637150756,0,0
"Hunterdon","New Jersey",34019,124714,292.3,148,18,1.31998834115113,1.33390668671299,2.49672188543655,0,0
"Mercer","New Jersey",34021,369811,1642.17,484,20,1.36220436655374,1.3719653572559,2.24243824217575,0,0
"Middlesex","New Jersey",34023,829685,2676.14,2125,23,1.35387796227009,1.40659993443262,2.28781802654757,0,0
"Monmouth","New Jersey",34025,621354,1329.77,1743,25,1.31102416171252,1.35878523185638,2.55954608533015,0,0
"Morris","New Jersey",34027,494228,1074.33,1298,22,1.38520001002691,1.397454839983,2.12723275611936,0,0
"Ocean","New Jersey",34029,601651,941.41,1685,21,1.42445132829262,1.43747328943359,1.95922336039905,0,0
"Passaic","New Jersey",34031,503310,2730.56,2216,26,1.34485592244394,1.35115107189056,2.3394460310071,0,0
"Somerset","New Jersey",34035,331164,1093.97,641,18,1.32583286411292,1.4493972160765,2.45761281899445,0,0
"Sussex","New Jersey",34037,140799,274.17,210,15,1.3637851377151,1.44812415633579,2.23405592788242,0,0
"Union","New Jersey",34039,558067,5377.14,2487,25,1.36718420200352,1.37463655389617,2.21627457021822,0,0
"Warren","New Jersey",34041,105779,297.81,149,17,1.34225331855902,1.34976981575575,2.35484182864202,0,0
"Bernalillo","New Mexico",35001,678701,583.8,202,23,1.25960004719515,1.26696361863326,3.00331220309099,0,0
"Doa Ana","New Mexico",35013,217522,56.56,22,14,1.24705995716464,1.27495973965281,3.13941353904605,0,0
"McKinley","New Mexico",35031,72290,13.37,32,14,1.28088668976427,1.28001448639326,2.8,0,0
"Sandoval","New Mexico",35043,145179,37.94,66,20,1.19103821706404,1.22290280108704,3.96479726341121,0,0
"San Miguel","New Mexico",35047,27591,5.94,1,15,0,0,Inf,0,0
"Santa Fe","New Mexico",35049,150056,77.99,52,23,1.18743225295457,1.1983290812721,4.03477646238495,0,0
"Socorro","New Mexico",35053,16735,2.56,4,23,1.03059554475201,1.0577236247078,22.9999999999999,0,0
"Taos","New Mexico",35055,32835,14.93,13,17,1.16285637887094,1.17676062354209,4.59404862526444,0,0
"Albany","New York",36001,307117,588.03,267,22,1.24914480114134,1.30957551083559,3.1158401682852,0,0
"Allegany","New York",36003,46430,45.69,12,18,1.1046650785975,1.14643440213135,6.96335053022176,0,0
"Broome","New York",36007,191659,275.45,46,20,1.21098256808745,1.22505682075567,3.6208519356008,0,0
"Chenango","New York",36017,47536,54.11,28,16,1.23153675258159,1.24484264259678,3.32823356282415,0,0
"Clinton","New York",36019,80695,77.85,25,17,1.20845856800746,1.22565116273839,3.66075074362384,0,0
"Columbia","New York",36021,59916,95.98,41,14,1.30376358552242,1.33237495443707,2.61313375734521,0,0
"Delaware","New York",36025,44527,31.55,23,22,1.15317898609476,1.1537546149045,4.86342404806508,0,0
"Dutchess","New York",36027,293718,369.39,809,22,1.35574957902735,1.36495467792889,2.27743368061266,0,0
"Erie","New York",36029,919719,882.2,802,19,1.34196020582314,1.43772460513152,2.35659033815522,0,0
"Essex","New York",36031,37300,21.04,6,16,1.11849604597382,1.1320875998906,6.18964491575267,0,0
"Fulton","New York",36035,53591,108.47,6,14,1.13653347600972,1.10131468768901,5.41593930128358,0,0
"Genesee","New York",36037,57511,117.89,17,14,1.22430383160046,1.23529370011258,3.42510758965516,0,0
"Greene","New York",36039,47491,73.58,21,19,1.13174036335768,1.17776538559611,5.60089096392297,0,0
"Hamilton","New York",36041,4434,2.66,2,16,1.04427378242741,1.05855366201675,16,0,0
"Herkimer","New York",36043,61833,44.28,16,22,1.13431252219546,1.14129698548973,5.5,0,0
"Jefferson","New York",36045,111755,90.22,15,16,1.18441992215881,1.19352722998147,4.09532839695705,0,0
"Livingston","New York",36051,63227,101.16,18,16,1.19799369275656,1.20680123249897,3.8369994650901,0,0
"Monroe","New York",36055,742474,1132.44,464,23,1.30597710787054,1.31672413160014,2.59652848799872,0,0
"Montgomery","New York",36057,49455,122.63,8,19,1.11565791776154,1.12441721611053,6.33333333333334,0,0
"Nassau","New York",36059,1358343,4764.62,12024,29,1.38258341748544,1.39489134141327,2.13964830903386,0,0
"Niagara","New York",36063,210433,405.28,91,14,1.27600224475324,1.39492024123388,2.84389140302595,0,0
"Oneida","New York",36065,229577,190.35,68,14,1.28644537878275,1.3710758099663,2.75186285125952,0,0
"Onondaga","New York",36067,461809,596.41,301,18,1.3730872632238,1.39353829180445,2.18615878637278,0,0
"Ontario","New York",36069,109864,169.97,31,18,1.21018963069957,1.22208538302694,3.6332835584778,0,0
"Orange","New York",36071,381951,465.98,2397,22,1.42436493695841,1.43950328104144,1.95955929337338,0,0
"Putnam","New York",36079,98892,430.16,236,19,1.2854240506895,1.35492205725072,2.76056739594561,0,0
"Rensselaer","New York",36083,159442,244.36,71,17,1.28498349655915,1.30385124572656,2.76434130861778,0,0
"Rockland","New York",36087,325695,1865.09,4289,28,1.31515194135651,1.35884884416494,2.53017559693276,0,0
"Saratoga","New York",36091,230163,280.72,132,27,1.16785928018345,1.21155746920633,4.46694895581457,0,0
"Schenectady","New York",36093,155350,757.32,101,21,1.2457872303927,1.26564608034731,3.15400014769745,0,0
"Schoharie","New York",36095,31097,50.44,8,15,1.14869835499704,1.15989560444948,5,0,0
"Suffolk","New York",36103,1481093,1631.38,10154,26,1.4259405822154,1.43889162363297,1.95345362620332,0,0
"Sullivan","New York",36105,75498,77.69,156,17,1.34588306748678,1.36677784006985,2.3334332805931,0,0
"Tioga","New York",36107,48560,94.57,8,20,1.10956947206785,1.10601406565258,6.66666666666666,0,0
"Tompkins","New York",36109,102793,216.92,87,20,1.25018983268627,1.26444847072412,3.1041712554031,0,0
"Ulster","New York",36111,178599,159.49,243,26,1.23524779536595,1.24912330927895,3.28083471857158,0,0
"Warren","New York",36113,64265,74.38,19,16,1.20204880229272,1.22382206993386,3.76654261386621,0,0
"Washington","New York",36115,61197,74.39,13,16,1.17387393494218,1.18193146435757,4.32381047083711,0,0
"Wayne","New York",36117,90064,150.47,27,15,1.24573093961552,1.26248516978321,3.15464876785729,0,0
"Westchester","New York",36119,967612,2250.46,12350,30,1.27227447705812,1.38429143833792,2.87844377423216,0,0
"Wyoming","New York",36121,40085,68.44,15,17,1.17268626561526,1.17722692427738,4.35128642176686,0,0
"Brunswick","North Carolina",37019,136744,149.78,22,20,1.16713511066789,1.17033353152997,4.48487648435151,0,0
"Cabarrus","North Carolina",37025,211342,556.87,56,22,1.20077902227921,1.20875107807619,3.78829954347016,0,0
"Carteret","North Carolina",37031,69524,136.14,14,14,1.20744202741841,1.22372068296608,3.67709349052071,0,0
"Chatham","North Carolina",37037,73139,102.31,19,28,1.11088671078792,1.11361203716669,6.59144957426587,0,0
"Craven","North Carolina",37049,102912,145.4,11,20,1.12737820415783,1.11276014233147,5.78129652635775,0,0
"Davidson","North Carolina",37057,166614,297.94,43,14,1.3082065470027,1.31490313321226,2.58004366408189,0,0
"Durham","North Carolina",37063,316739,1071.62,159,18,1.32525618644903,1.34557338173522,2.46140955763459,0,0
"Forsyth","North Carolina",37067,379099,910.39,63,22,1.16978224455102,1.21187917101634,4.42008493356549,0,0
"Franklin","North Carolina",37069,67560,132,13,14,1.0878351741347,1.21244690225573,8.23316454599442,0,0
"Gaston","North Carolina",37071,222846,608.34,37,16,1.25317755469268,1.26719772942637,3.07133952010496,0,0
"Guilford","North Carolina",37081,533670,810.87,79,16,1.31401914606132,1.32887028998549,2.53815934264954,0,0
"Harnett","North Carolina",37085,134214,219.1,19,20,1.11914454004624,1.17404609315342,6.15777289278085,0,0
"Hoke","North Carolina",37093,54764,136.25,9,16,1.14720269043988,1.12793079458319,5.04743802857166,0,0
"Iredell","North Carolina",37097,178435,300.65,36,17,1.23465951001377,1.24542346839564,3.2882488614936,0,0
"Johnston","North Carolina",37101,202675,241.59,24,22,1.15541200226917,1.15262451780754,4.79829442368169,0,0
"Lincoln","North Carolina",37109,83770,273.35,9,16,1.14720269043988,1.12869974040647,5.04743802857166,0,0
"Mecklenburg","North Carolina",37119,1093901,2012.65,564,22,1.29233456284124,1.3487445602266,2.70285167419165,0,0
"Moore","North Carolina",37125,98682,137.04,8,16,1.13878863475669,1.15006573552889,5.33333333333334,0,0
"New Hanover","North Carolina",37129,232274,1170.71,36,16,1.25103340485907,1.26872370640257,3.09482245787633,0,0
"Onslow","North Carolina",37133,197683,254.23,9,22,1.10503150339647,1.10082950707108,6.94022728928604,0,0
"Orange","North Carolina",37135,146027,359.18,44,14,1.21146085943905,1.33295078885708,3.61339826797479,0,0
"Pasquotank","North Carolina",37139,39639,174.01,7,14,1.14911672503542,1.13510982166626,4.98690061951231,0,0
"Pitt","North Carolina",37147,179914,272.05,31,14,1.27798523198383,1.29806502253177,2.8258872121494,0,0
"Rowan","North Carolina",37159,141262,273,36,14,1.29170834209075,1.30338951702973,2.70796965064179,0,0
"Sampson","North Carolina",37163,63626,67.28,1,17,0,0,Inf,0,0
"Stanly","North Carolina",37167,62075,154.69,7,14,1.14911672503542,1.14587715083123,4.98690061951231,0,0
"Wake","North Carolina",37183,1092305,1253.03,258,31,1.19617351991506,1.20151714230538,3.8695694194687,0,0
"Watauga","North Carolina",37189,55945,173.14,7,19,1.1078445976218,1.11197110799207,6.76793655505242,0,0
"Wayne","North Carolina",37191,123248,224.2,9,21,1.11029943674477,1.08792315677573,6.6247624125003,0,0
"Wilson","North Carolina",37195,81455,220.92,20,19,1.17077991372278,1.17332692658541,4.39618605003543,0,0
"Burleigh","North Dakota",38015,95273,57.41,32,17,1.17714669390892,1.25327133496374,4.25,0,0
"Cass","North Dakota",38017,181516,98.7,46,17,1.25259099219034,1.26294490108497,3.07772414526068,0,0
"Morton","North Dakota",38059,31095,15.86,16,16,1.13878863475669,1.20925855671574,5.33333333333334,0,0
"Pierce","North Dakota",38069,4081,4.13,2,14,1.05075663865322,1.06685211012992,14,0,0
"Ramsey","North Dakota",38071,11481,9.74,3,14,1.08163340035277,1.1010919000175,8.83301655000041,0,0
"Ward","North Dakota",38101,67744,34.29,14,23,1.12158360875293,1.11970331393613,6.04093930585545,0,0
"Ashland","Ohio",39005,53745,126.44,3,16,1.07107548307291,1.06511997452984,10.0948760571433,0,0
"Ashtabula","Ohio",39007,97493,139.81,9,14,1.16993081275869,1.17738701825552,4.4165082750002,0,0
"Belmont","Ohio",39013,67505,128.68,13,20,1.09810954826649,1.13902921119278,7.40620124405793,0,0
"Butler","Ohio",39017,382378,809.95,49,20,1.1334615816707,1.22631000263172,5.53294755665113,0,0
"Clark","Ohio",39023,134585,340.14,7,16,1.12932418147247,1.13770565789667,5.69931499372835,0,0
"Columbiana","Ohio",39029,102665,195.53,28,14,1.2687277260988,1.27232064622745,2.91220436747113,0,0
"Coshocton","Ohio",39031,36629,64.86,8,17,1.08496391364364,1.13452480627644,8.5,0,0
"Cuyahoga","Ohio",39035,1243857,2742.36,780,25,1.24910496299755,1.3160237651039,3.11628693456309,0,0
"Darke","Ohio",39037,51323,86.5,26,17,1.21124982231913,1.20748415202105,3.61668291040717,0,0
"Delaware","Ohio",39041,204826,444.62,61,16,1.29295412093437,1.30612627997317,2.69780957903202,0,0
"Franklin","Ohio",39049,1310300,2396.39,503,20,1.3648294946699,1.37944975591654,2.22855761786612,0,0
"Geauga","Ohio",39055,94031,234.81,35,18,1.21837662418533,1.22582458035201,3.50926239408815,0,0
"Hamilton","Ohio",39061,816684,2000.53,220,15,1.36802125685933,1.4486935410186,2.21194577985359,0,0
"Huron","Ohio",39077,58504,118.94,5,16,1.10582301703024,1.10495519159055,6.89082492917429,0,0
"Lake","Ohio",39085,230514,1011.25,66,17,1.2794755647582,1.29389375799361,2.81252341662399,0,0
"Lorain","Ohio",39093,309461,624.54,95,20,1.25570082696316,1.27518532691914,3.04420693426487,0,0
"Lucas","Ohio",39095,429899,1268.51,233,19,1.33228666205168,1.34286962796056,2.41601605690823,0,0
"Mahoning","Ohio",39099,229642,561.35,203,17,1.36689470464302,1.3878619220731,2.21777625712229,0,0
"Marion","Ohio",39101,65256,161.84,11,14,1.18682091674721,1.19747933463132,4.04690756845043,0,0
"Medina","Ohio",39103,179146,420.68,72,19,1.25243253778019,1.26738502295668,3.07945396346932,0,0
"Miami","Ohio",39109,106222,257.76,64,16,1.29683955465101,1.32110849052413,2.66666666666667,0,0
"Montgomery","Ohio",39113,532331,1152.7,57,15,1.30935775179608,1.32286152699299,2.5716240086087,0,0
"Richland","Ohio",39139,121099,244.97,10,15,1.16591440117983,1.16719558154307,4.51544993495972,0,0
"Stark","Ohio",39151,371574,649.22,79,23,1.20922056825865,1.20990818742659,3.64860405505871,0,0
"Summit","Ohio",39153,541918,1312.69,165,20,1.24687436854643,1.3079468219384,3.14153122115722,0,0
"Trumbull","Ohio",39155,198627,326.37,72,22,1.21457462729457,1.21970465461561,3.56568353664869,0,0
"Tuscarawas","Ohio",39157,92176,163,17,20,1.1521856078291,1.14671712463187,4.89301084236452,0,0
"Union","Ohio",39159,57835,128.91,5,14,1.121828396254,1.12685493306795,6.0294718130275,0,0
"Warren","Ohio",39165,232173,564.56,31,14,1.21625235089816,1.2936131016617,3.54054247717161,0,0
"Canadian","Oklahoma",40017,144447,152.47,29,18,1.2057140819513,1.21263705808909,3.70524298428782,0,0
"Cleveland","Oklahoma",40027,281669,513.64,130,19,1.29199304692404,1.30027126107285,2.70564010685252,0,0
"Custer","Oklahoma",40039,29036,29.54,5,15,1.1132635768448,1.12149548725821,6.4601483711009,0,0
"Garvin","Oklahoma",40049,27811,34.69,8,14,1.16012938616016,1.16840747902396,4.66666666666667,0,0
"Grady","Oklahoma",40051,55551,49.73,5,15,1.1132635768448,1.0916559020901,6.4601483711009,0,0
"Jackson","Oklahoma",40065,24949,31.63,4,20,1.07177346253629,1.03007818319958,10,0,0
"Kay","Oklahoma",40071,44161,48.8,25,19,1.18461107871246,1.20159074070842,4.09142730169723,0,0
"Logan","Oklahoma",40083,47291,61.9,5,15,1.1132635768448,1.11985905135135,6.4601483711009,0,0
"McClain","Oklahoma",40087,39985,67.7,11,15,1.17334622119341,1.16278577215388,4.33597239476832,0,0
"Oklahoma","Oklahoma",40109,792582,1103.32,237,21,1.29742796504185,1.310135685562,2.66202097563929,0,0
"Pawnee","Oklahoma",40117,16390,28.92,16,17,1.17714669390892,1.19848305969328,4.25,0,0
"Payne","Oklahoma",40119,82040,119.05,18,19,1.16430556688337,1.17521539998319,4.5564368647945,0,0
"Tulsa","Oklahoma",40143,648360,1127.2,175,28,1.20256483925901,1.20034596705573,3.75777837720055,0,0
"Washington","Oklahoma",40147,51843,125.17,28,15,1.24875489056961,1.26380903012357,3.12021896514764,0,0
"Benton","Oregon",41003,92101,132.82,17,18,1.17046457346634,1.17518796747797,4.40370975812807,0,0
"Clackamas","Oregon",41005,416075,216.96,66,22,1.20978039561553,1.21985692377519,3.63973618621928,0,0
"Deschutes","Oregon",41017,191996,59.85,36,23,1.16859850430867,1.17428860857942,4.44880728319723,0,0
"Douglas","Oregon",41019,110283,21.51,9,26,1.08818224346332,1.08797077011835,8.20208679642894,0,0
"Grant","Oregon",41023,7176,1.59,1,14,0,0,Inf,0,0
"Jackson","Oregon",41029,219564,76.98,27,27,1.10119495650388,1.12928391584669,7.19062821041731,0,0
"Klamath","Oregon",41035,67653,11.16,13,27,1.09965679255338,1.07102770771113,7.29643016953763,0,0
"Lane","Oregon",41039,379611,81.02,21,17,1.14833858788941,1.20700281129268,5.01132349403634,0,0
"Linn","Oregon",41043,127335,53.65,37,23,1.13525761307017,1.18953071956175,5.46389233998878,0,0
"Marion","Oregon",41047,346868,283.81,178,26,1.2205473031859,1.23019677838405,3.47791962355177,0,0
"Multnomah","Oregon",41051,811880,1851.73,175,24,1.24010916939972,1.247843900063,3.22095289474333,0,0
"Polk","Oregon",41053,85234,109.92,20,23,1.13911224808052,1.14363961861014,5.32169890267446,0,0
"Umatilla","Oregon",41059,77516,23.91,5,23,1.07248197098697,1.07580651411013,9.90556083568804,0,0
"Union","Oregon",41061,26461,12.78,3,14,1.08163340035277,1.04661323091477,8.83301655000041,0,0
"Washington","Oregon",41067,597695,803.36,228,35,1.16780294748417,1.17396870248581,4.46833798721891,0,0
"Yamhill","Oregon",41071,107002,145.03,23,19,1.1794237967349,1.18379031705632,4.20022985969257,0,0
"Adams","Pennsylvania",42001,102811,196.7,19,16,1.20204880229272,1.20453317440595,3.76654261386621,0,0
"Allegheny","Pennsylvania",42003,1218452,1678.68,476,20,1.36106964284826,1.37635860462627,2.24850025399082,0,0
"Beaver","Pennsylvania",42007,164742,383.92,65,17,1.27832700073585,1.29187765652905,2.82280998567094,0,0
"Berks","Pennsylvania",42011,420152,486.44,201,16,1.3929956287116,1.40704348672578,2.09121577605426,0,0
"Bucks","Pennsylvania",42017,628195,1036.51,446,23,1.26502821318787,1.31370039237556,2.94837778911058,0,0
"Centre","Pennsylvania",42027,162805,145.45,32,14,1.28088668976427,1.30215775769153,2.8,0,0
"Chester","Pennsylvania",42029,522046,689.07,226,21,1.29449507319623,1.30928431592876,2.68536053981997,0,0
"Cumberland","Pennsylvania",42041,251423,453.62,45,21,1.13763866929002,1.20715459625135,5.37511852100612,0,0
"Delaware","Pennsylvania",42045,564751,3065.25,542,28,1.25211100216349,1.25778403509239,3.082970767437,0,0
"Erie","Pennsylvania",42049,272061,345.33,17,14,1.22430383160046,1.24146538973896,3.42510758965516,0,0
"Franklin","Pennsylvania",42055,154835,199.1,26,14,1.26202955281232,1.27399174966045,2.97844474974708,0,0
"Lackawanna","Pennsylvania",42069,210793,460.61,119,16,1.29094372352855,1.36435444806258,2.71424845388628,0,0
"Lancaster","Pennsylvania",42071,543557,570.4,232,15,1.37287353324042,1.45332986650309,2.18723265792908,0,0
"Lebanon","Pennsylvania",42075,141314,383.25,54,15,1.30464669167515,1.31194947397082,2.6064801430716,0,0
"Lehigh","Pennsylvania",42077,368100,1050.55,584,19,1.39830102551356,1.4062140256906,2.06750410503109,0,0
"Luzerne","Pennsylvania",42079,317646,357.04,484,19,1.38454683316365,1.38850075192413,2.13031633006697,0,0
"Monroe","Pennsylvania",42089,169507,275.51,397,25,1.27043257311374,1.27385456514007,2.89586631627846,0,0
"Montgomery","Pennsylvania",42091,828604,1700.28,875,27,1.25260459964147,1.29372609565261,3.07757569597433,0,0
"Northampton","Pennsylvania",42095,304807,816.34,466,22,1.32217904233114,1.32648333685835,2.48189733845645,0,0
"Philadelphia","Pennsylvania",42101,1584138,11748.73,2284,24,1.38021159268613,1.38829774845039,2.15104900287117,0,0
"Pike","Pennsylvania",42103,55933,101.84,83,22,1.22244920483139,1.22313635755594,3.4509590469077,0,0
"Potter","Pennsylvania",42105,16622,15.66,2,14,1.05075663865322,1.05715663938217,14,0,0
"Washington","Pennsylvania",42125,207346,242.18,40,21,1.1920338029092,1.20208295217229,3.94593831889126,0,0
"Wayne","Pennsylvania",42127,51276,71.02,23,28,1.11849265632796,1.10436826053485,6.1898124248101,0,0
"Westmoreland","Pennsylvania",42129,350611,345.24,110,15,1.3062436110831,1.37907922321911,2.59454535667616,0,0
"York","Pennsylvania",42133,448273,491.07,102,16,1.27856595478082,1.35134606896779,2.82066295022211,0,0
"Abbeville","South Carolina",45001,24541,50.27,6,15,1.12687761019083,1.13009818286016,5.80279210851812,0,0
"Aiken","South Carolina",45003,169401,155.85,22,14,1.24705995716464,1.25852101027896,3.13941353904605,0,0
"Anderson","South Carolina",45007,200482,273.96,62,19,1.19809904151247,1.25143203825836,3.8351326450599,0,0
"Beaufort","South Carolina",45013,188715,316.96,131,20,1.20783469918533,1.28768438909028,3.67076167607411,0,0
"Berkeley","South Carolina",45015,221091,190.26,42,14,1.30600962584541,1.30280419492885,2.59628632781516,0,0
"Calhoun","South Carolina",45017,14520,38.6,3,17,1.06675811713285,1.06117837212519,10.7258058107148,0,0
"Charleston","South Carolina",45019,405905,430.86,247,28,1.21745652773578,1.22156634640457,3.52273607700655,0,0
"Clarendon","South Carolina",45027,33700,56.05,34,14,1.28644537878275,1.3022717393823,2.75186285125952,0,0
"Darlington","South Carolina",45031,66802,119.85,15,14,1.21340706285251,1.23138532026432,3.58341234733742,0,0
"Dorchester","South Carolina",45035,160647,271.22,36,15,1.26985314834939,1.27700973647161,2.90139605425906,0,0
"Fairfield","South Carolina",45039,22402,33.09,8,18,1.12246204830937,1.12536139067777,6,0,0
"Florence","South Carolina",45041,138159,173.21,29,14,1.27191180994906,1.28446641756774,2.88185565444608,0,0
"Greenville","South Carolina",45045,514213,634.81,174,19,1.31196921526852,1.32318433116009,2.55275349202868,0,0
"Horry","South Carolina",45051,344147,283.02,51,19,1.16080820596169,1.24412803564899,4.6483603002463,0,0
"Kershaw","South Carolina",45055,65592,88.58,136,28,1.19178473418154,1.20128466059861,3.95063799658107,0,0
"Lancaster","South Carolina",45057,95380,163.06,31,23,1.161025645361,1.15424112068295,4.64252899138829,0,0
"Lee","South Carolina",45061,17142,42.92,13,16,1.17387393494218,1.15298144861326,4.32381047083711,0,0
"Lexington","South Carolina",45063,295032,409.66,78,20,1.24338244142772,1.2521015446186,3.18197615738588,0,0
"Orangeburg","South Carolina",45075,86934,79.97,25,14,1.19770735139478,1.28491132086038,3.84208357050049,0,0
"Pickens","South Carolina",45077,124937,247.27,17,14,1.22430383160046,1.24172905240588,3.42510758965516,0,0
"Richland","South Carolina",45079,414576,539.27,224,17,1.37483279583797,1.39287506163289,2.17743399265365,0,0
"Saluda","South Carolina",45081,20544,44.83,2,15,1.04729412282063,1.02202827897139,15,0,0
"Spartanburg","South Carolina",45083,313888,374.04,60,26,1.17055124901323,1.16801609229169,4.40163899756832,0,0
"Sumter","South Carolina",45085,106512,160.88,75,14,1.36123449932311,1.37406346490853,2.2476171960763,0,0
"York","South Carolina",45091,274118,380.02,73,17,1.28708499437186,1.30377414337805,2.74644294653094,0,0
"Beadle","South Dakota",46005,18883,14.6,21,24,1.13525250955905,1.14978583714335,5.46408596872687,0,0
"Bon Homme","South Dakota",46009,6980,12.36,1,23,0,0,Inf,0,0
"Charles Mix","South Dakota",46023,9338,8.51,1,24,0,0,Inf,0,0
"Davison","South Dakota",46035,19790,45.69,3,24,1.01703789660559,1.0443810452275,41.0282709924351,0,0
"McCook","South Dakota",46087,5546,9.6,2,21,1.03355778300703,1.04031333105025,21,0,0
"Minnehaha","South Dakota",46099,192876,231.37,68,24,1.19221488023353,1.18718246227693,3.94252919908921,0,0
"Anderson","Tennessee",47001,76482,224.74,10,14,1.17876863479359,1.19937226574498,4.21441993929574,0,0
"Blount","Tennessee",47009,131349,229.89,33,14,1.28370514379108,1.29828484884469,2.77535808438785,0,0
"Bradley","Tennessee",47011,106727,318.03,21,14,1.24292303070229,1.24493550436213,3.18738348175734,0,0
"Campbell","Tennessee",47013,39583,82.65,4,20,1.07177346253629,1.08168699048091,10,0,0
"Cheatham","Tennessee",47021,40439,132.02,11,16,1.16168141877175,1.18029629052733,4.62503722108621,0,0
"Cumberland","Tennessee",47035,59673,86.1,22,15,1.22883860148964,1.22679920388931,3.36365736326363,0,0
"Davidson","Tennessee",47037,692587,1357.09,808,26,1.29367002034442,1.30537689603577,2.6920098039303,0,0
"Dickson","Tennessee",47043,53446,106.12,21,14,1.18288382388464,1.26132144696148,4.1269722892064,0,0
"Dyer","Tennessee",47045,37320,73.34,5,15,1.1132635768448,1.11254393798459,6.4601483711009,0,0
"Greene","Tennessee",47059,69087,110.37,16,14,1.21901365420448,1.2396713056034,3.5,0,0
"Hamblen","Tennessee",47063,64569,395.46,3,14,1.08163340035277,1.08661007787852,8.83301655000041,0,0
"Hamilton","Tennessee",47065,364286,659.15,67,21,1.22167572095534,1.23035093635684,3.46186799116537,0,0
"Jefferson","Tennessee",47089,54012,194.28,6,21,1.08906755879445,1.09850289359935,8.12390895192538,0,0
"Knox","Tennessee",47093,465289,897.62,98,22,1.23171512992812,1.23856344611991,3.32592064027908,0,0
"Maury","Tennessee",47119,94340,146.42,20,14,1.23859896844555,1.25259609525305,3.23929498423663,0,0
"Montgomery","Tennessee",47125,205950,364.23,41,15,1.28091090724127,1.2854519872003,2.79978616858415,0,0
"Robertson","Tennessee",47147,71012,145.59,51,16,1.27856595478082,1.28719305347428,2.82066295022211,0,0
"Rutherford","Tennessee",47149,324890,495.88,127,21,1.25945057659661,1.26317279766396,3.00485727160474,0,0
"Sevier","Tennessee",47155,97892,162.51,13,18,1.15314983659531,1.14878239775328,4.86428677969176,0,0
"Shelby","Tennessee",47157,935764,1227.77,640,26,1.28212390908825,1.29282059087689,2.78912256513325,0,0
"Sullivan","Tennessee",47163,157668,379.17,18,24,1.12798421206203,1.12459007282492,5.75549919763515,0,0
"Sumner","Tennessee",47165,187149,338.98,283,16,1.36276909955949,1.44216765708681,2.23943531743489,0,0
"Tipton","Tennessee",47167,61581,134.05,28,14,1.2687277260988,1.28137681032006,2.91220436747113,0,0
"Washington","Tennessee",47179,128607,389.18,20,15,1.16591440117983,1.24401899427634,4.51544993495972,0,0
"Williamson","Tennessee",47187,231729,375.3,221,29,1.20459515728183,1.20701834146462,3.72372404236477,0,0
"Wilson","Tennessee",47189,140625,232.41,71,15,1.26866966862258,1.33754460142422,2.91276438471852,0,0
"Bell","Texas",48027,355642,325.62,51,21,1.20590436043023,1.21486924874787,3.70212012216652,0,0
"Bexar","Texas",48029,1986049,1553.34,328,51,1.12029103264231,1.11516859380884,6.10226534897051,0,0
"Bowie","Texas",48037,94324,106.05,10,18,1.13646366638572,1.13226534567789,5.41853992195166,0,0
"Brazoria","Texas",48039,370200,260.73,123,20,1.22869405169245,1.28298848379752,3.36557865900544,0,0
"Brazos","Texas",48041,226758,374.4,72,17,1.28604111333234,1.30357172886095,2.75530091468308,0,0
"Brown","Texas",48049,37924,40.06,4,14,1.10408951367381,1.10762141097439,7.00000000000001,0,0
"Cameron","Texas",48061,423908,473.39,55,15,1.3062436110831,1.30311792857485,2.59454535667616,0,0
"Cass","Texas",48067,30119,32.11,4,14,1.10408951367381,1.09312160348685,7.00000000000001,0,0
"Collin","Texas",48085,1005146,1122.59,227,25,1.24234161832076,1.25039684348931,3.19425606838009,0,0
"Crane","Texas",48103,4794,6.16,2,15,1.04729412282063,1.03062265152385,15,0,0
"Dallas","Texas",48113,2637772,2968.68,831,24,1.2856037370147,1.33824442138675,2.75903147875357,0,0
"Denton","Texas",48121,859064,918.74,273,19,1.34344251094101,1.36035945018335,2.34777834910296,0,0
"DeWitt","Texas",48123,20187,22.48,6,15,1.12687761019083,1.11360853265634,5.80279210851812,0,0
"Ellis","Texas",48139,179436,180.48,27,17,1.16544081014935,1.22303135563715,4.52743257692941,0,0
"El Paso","Texas",48141,840758,827.15,78,21,1.23055135504346,1.23632650902762,3.34107496525518,0,0
"Fannin","Texas",48147,35286,38.36,2,14,1.05075663865322,1.01343364708034,14,0,0
"Fort Bend","Texas",48157,787858,858.22,221,30,1.19714404384552,1.20065762233718,3.85212831968769,0,0
"Galveston","Texas",48167,337890,864.5,206,21,1.28879592238418,1.28749139047439,2.7320625199639,0,0
"Gregg","Texas",48183,123707,451.86,8,23,1.09462353643472,1.08554358189797,7.66666666666666,0,0
"Harris","Texas",48201,4698619,2701.84,1036,29,1.21120382382162,1.27744655997834,3.61739971311808,0,0
"Hays","Texas",48209,222631,301.12,47,20,1.21228545044471,1.21287324551293,3.60062653313385,0,0
"Hockley","Texas",48219,22980,25.5,7,14,1.14911672503542,1.17541218723346,4.98690061951231,0,0
"Johnson","Texas",48251,171361,225.58,18,15,1.15775367251659,1.21483197881349,4.73197315178593,0,0
"Lavaca","Texas",48285,20110,20.56,1,16,0,0,Inf,0,0
"Lubbock","Texas",48303,307412,336.59,117,17,1.27042884278322,1.33782481417677,2.89590184120731,0,0
"McLennan","Texas",48309,254607,239.54,49,16,1.15332479720268,1.30158240392508,4.85911342400752,0,0
"Matagorda","Texas",48321,36552,33.39,36,18,1.17418725309966,1.22523431070469,4.31662439822637,0,0
"Medina","Texas",48325,50921,37.22,3,16,1.07107548307291,1.08145603883727,10.0948760571433,0,0
"Montgomery","Texas",48339,590925,532.23,119,24,1.22034077748251,1.22838307607557,3.48087517667551,0,0
"Rusk","Texas",48401,54450,58,7,16,1.12932418147247,1.11579281880955,5.69931499372835,0,0
"Smith","Texas",48423,230221,244.2,53,21,1.14653763503989,1.21600877756812,5.06884217362749,0,0
"Tarrant","Texas",48439,2084931,2339,383,24,1.28124824124378,1.28552830333566,2.7968114450736,0,0
"Travis","Texas",48453,1248743,1215.07,351,21,1.23747255948843,1.33365058713786,3.25312711243308,0,0
"Upshur","Texas",48459,41260,69.94,3,14,1.08163340035277,1.06617979524264,8.83301655000041,0,0
"Van Zandt","Texas",48467,56019,64.53,3,15,1.07598962472535,1.05945281743992,9.46394630357187,0,0
"Webb","Texas",48479,275910,80.93,65,16,1.29809681635091,1.30847679771975,2.65676233945501,0,0
"Wichita","Texas",48485,132064,209.98,44,16,1.26682257006414,1.28381364573965,2.93070801461814,0,0
"Williamson","Texas",48491,566719,471.3,71,16,1.19694693597482,1.31765746525009,3.85565663141174,0,0
"Box Elder","Utah",49003,54950,9.22,10,16,1.15478198468946,1.15371501791062,4.8164799306237,0,0
"Cache","Utah",49005,127068,105.03,15,16,1.13420440318402,1.17146432592719,5.5041631164831,0,0
"Davis","Utah",49011,351713,1140.05,122,28,1.1871698297588,1.19053510581314,4.03997419556602,0,0
"Salt Lake","Utah",49035,1152633,1509.95,541,38,1.18012019895586,1.1832734519908,4.18525950587956,0,0
"Summit","Utah",49043,41933,21.64,222,20,1.26551165412235,1.32792808596145,2.9435937383597,0,0
"Tooele","Utah",49045,69907,9.39,16,18,1.16652903957612,1.16844241493921,4.5,0,0
"Utah","Utah",49049,622213,294.71,150,19,1.30176058847343,1.29920804074578,2.62836859153493,0,0
"Wasatch","Utah",49051,33240,25.97,69,18,1.26519737685715,1.27823835663666,2.94670179801388,0,0
"Washington","Utah",49053,171700,66.16,21,28,1.11486457953524,1.10650652336488,6.37476696351469,0,0
"Weber","Utah",49057,256359,430.03,63,24,1.18842703521119,1.18786208894163,4.01520429144418,0,0
"Addison","Vermont",50001,36973,48.2,32,14,1.28088668976427,1.29615577948622,2.8,0,0
"Bennington","Vermont",50003,35631,53.22,19,27,1.1152217850878,1.12297856485307,6.35604066089924,0,0
"Chittenden","Vermont",50007,164572,302.01,199,23,1.25878086868066,1.27082696704197,3.01180182906026,0,0
"Orange","Vermont",50017,28999,42.12,4,18,1.08005973889231,1.09307675604046,9.00000000000001,0,0
"Rutland","Vermont",50021,58672,63.75,17,14,1.22430383160046,1.21631414624107,3.42510758965516,0,0
"Washington","Vermont",50023,58140,85.09,21,20,1.16442350830522,1.16438545250311,4.55340497393906,0,0
"Windsor","Vermont",50027,55286,57.18,20,20,1.12201845430196,1.18132496118885,6.02059991327963,0,0
"Accomack","Virginia",51001,32412,72.84,8,14,1.16012938616016,1.17397296198158,4.66666666666667,0,0
"Arlington","Virginia",51013,237521,8924.26,135,23,1.20097770894862,1.25071054187398,3.78487706804239,0,0
"Charles City","Virginia",51036,6941,38.26,4,16,1.09050773266526,1.05930961804828,8,0,0
"Chesterfield","Virginia",51041,348556,801.91,89,20,1.25161137168126,1.24842890047603,3.0884532560222,0,0
"Fairfax","Virginia",51059,1150795,2924.86,372,27,1.24510304168686,1.25187779685024,3.16190395298393,0,0
"Gloucester","Virginia",51073,37349,170.61,8,14,1.16012938616016,1.17934365787987,4.66666666666667,0,0
"Goochland","Virginia",51075,23244,79.89,8,17,1.13011578342933,1.14105625128297,5.66666666666667,0,0
"Hanover","Virginia",51085,107239,222.93,12,22,1.11957629115799,1.09926489125916,6.13674480432486,0,0
"Henrico","Virginia",51087,329261,1393.44,112,17,1.26716914594962,1.32676309591702,2.92732237449967,0,0
"James City","Virginia",51095,76397,520.6,104,22,1.17488674418343,1.25057094004948,4.30067402608745,0,0
"Loudoun","Virginia",51107,406850,747.04,130,24,1.18997560023892,1.23117089746499,3.98514350918251,0,0
"Prince Edward","Virginia",51147,22950,65.6,2,22,1.03200827973421,1.03515614392824,22,0,0
"Prince William","Virginia",51153,468011,1357.75,131,22,1.24807189732928,1.25809828332684,3.12792220732223,0,0
"Spotsylvania","Virginia",51177,134238,327.31,11,20,1.12737820415783,1.11962554027796,5.78129652635775,0,0
"Stafford","Virginia",51179,149960,535.45,29,18,1.2057140819513,1.21892527212757,3.70524298428782,0,0
"York","Virginia",51199,67846,645.04,17,18,1.17046457346634,1.18311299094259,4.40370975812807,0,0
"Alexandria city","Virginia",51510,160530,10414.92,56,22,1.20077902227921,1.19487435564872,3.78829954347016,0,0
"Charlottesville city","Virginia",51540,48117,4594.66,17,17,1.18135207462555,1.19858835950281,4.15905921600984,0,0
"Harrisonburg city","Virginia",51660,54033,3065.26,22,21,1.15857696505801,1.13670112186278,4.70912030856908,0,0
"Newport News city","Virginia",51700,178626,2621.67,37,14,1.29423878051395,1.30844092761667,2.68742208009184,0,0
"Norfolk city","Virginia",51710,244076,4537.88,43,14,1.3082065470027,1.31954391570345,2.58004366408189,0,0
"Portsmouth city","Virginia",51740,94632,2832.2,17,14,1.22430383160046,1.22818284375065,3.42510758965516,0,0
"Richmond city","Virginia",51760,228783,3741.93,76,16,1.20204880229272,1.30531313854231,3.76654261386621,0,0
"Virginia Beach city","Virginia",51810,450189,1807.65,128,25,1.21419488439505,1.21379377746872,3.57142857142857,0,0
"Williamsburg city","Virginia",51830,14896,1639.1,9,17,1.13797288046881,1.15370515866108,5.36290290535739,0,0
"Benton","Washington",53005,201877,114.19,136,16,1.3593966075238,1.38301041031194,2.25750742661775,0,0
"Chelan","Washington",53007,77036,25.94,20,30,1.10501371035276,1.10680558887165,6.94134639479278,0,0
"Clallam","Washington",53009,76737,42.85,8,15,1.14869835499704,1.16517308952451,5,0,0
"Clark","Washington",53011,481857,739.87,137,28,1.19209659864796,1.20158742935155,3.94475534524795,0,0
"Columbia","Washington",53013,4059,4.61,1,22,0,0,Inf,0,0
"Cowlitz","Washington",53015,108987,92.19,18,14,1.16993081275869,1.24902231422023,4.4165082750002,0,0
"Franklin","Washington",53021,94347,72.99,45,17,1.25097259269529,1.26474029677844,3.09549430798895,0,0
"Grant","Washington",53025,97331,35.4,77,21,1.22979547765727,1.24659108144551,3.3509997290687,0,0
"Grays Harbor","Washington",53027,73901,37.84,3,22,1.05120478661223,1.01615169989193,13.880454578572,0,0
"Island","Washington",53029,84460,391.64,122,23,1.23228538284459,1.24914326377691,3.31855023207209,0,0
"Jefferson","Washington",53031,31729,17.11,19,28,1.11088671078792,1.11541563640613,6.59144957426587,0,0
"King","Washington",53033,2233163,1022.54,2789,35,1.25441542620921,1.26691722204791,3.05796177322468,0,0
"Kitsap","Washington",53035,269805,664.59,95,26,1.1914238580274,1.19724383968004,3.95746901454433,0,0
"Kittitas","Washington",53037,47364,19.51,10,27,1.08902296226373,1.09846566470078,8.12780988292748,0,0
"Klickitat","Washington",53039,22107,11.43,9,20,1.1161231740339,1.12843213020351,6.30929753571458,0,0
"Lewis","Washington",53041,79604,32.02,12,19,1.13972221369388,1.14957456076673,5.29991596737147,0,0
"Lincoln","Washington",53043,10740,4.52,1,19,0,0,Inf,0,0
"Mason","Washington",53045,65507,65.28,13,17,1.16285637887094,1.14078356056119,4.59404862526444,0,0
"Pierce","Washington",53053,891299,515.03,577,28,1.25491243247925,1.26205625168428,3.05262701434365,0,0
"San Juan","Washington",53055,17128,94.72,6,14,1.13653347600972,1.14713439754288,5.41593930128358,0,0
"Skagit","Washington",53057,128206,71.57,160,24,1.23548743402594,1.24765746898386,3.27782514236357,0,0
"Snohomish","Washington",53061,814901,376.86,1449,73,1.10484742198606,1.10624275661181,6.95182356208187,0,0
"Spokane","Washington",53063,514631,282.28,194,39,1.1046486016857,1.14648587431415,6.96439410738543,0,0
"Stevens","Washington",53065,45260,17.84,5,14,1.121828396254,1.12912975549112,6.0294718130275,0,0
"Thurston","Washington",53067,286419,380.47,58,23,1.19308334272093,1.20380490773575,3.92626743226556,0,0
"Walla Walla","Washington",53071,60922,47.43,9,32,1.07107548307291,1.06392381757283,10.0948760571433,0,0
"Whatcom","Washington",53073,225685,102.91,182,24,1.24213740813569,1.25331978341215,3.19667773962512,0,0
"Yakima","Washington",53077,251446,58.04,289,22,1.25364857464977,1.29869844520352,3.06623385015081,0,0
"Jackson","West Virginia",54035,28706,62.49,11,14,1.18682091674721,1.20730040978198,4.04690756845043,0,0
"Jefferson","West Virginia",54037,56811,267.99,12,17,1.15739406167557,1.15886121244718,4.74203007606921,0,0
"Kanawha","West Virginia",54039,180454,205.98,40,14,1.3014660887232,1.32514620789083,2.63062554592751,0,0
"Mercer","West Virginia",54055,59131,144.36,3,16,1.07107548307291,1.06946743498467,10.0948760571433,0,0
"Monongalia","West Virginia",54061,106420,292.32,40,15,1.27880403939974,1.30076319749265,2.81852737063661,0,0
"Tucker","West Virginia",54093,6955,16.77,3,15,1.02739965906372,1.07519829584728,25.6426693702718,0,0
"Bayfield","Wisconsin",55007,15042,10.14,3,15,1.07598962472535,1.07410476501923,9.46394630357187,0,0
"Brown","Wisconsin",55009,263378,490.43,24,16,1.21972858708997,1.205872665461,3.4896686717685,0,0
"Calumet","Wisconsin",55015,50159,156.51,3,15,1.07598962472535,1.04866603826131,9.46394630357187,0,0
"Chippewa","Wisconsin",55017,64135,63.11,14,14,1.20744202741841,1.20490729019251,3.67709349052071,0,0
"Columbia","Wisconsin",55021,57358,74.4,18,15,1.10547137359892,1.21610916196501,6.91268130927555,0,0
"Dane","Wisconsin",55025,542364,442.55,244,58,1.09941559626568,1.09938781494776,7.31331747998898,0,0
"Douglas","Wisconsin",55031,43208,33.28,6,14,1.13653347600972,1.16460960812628,5.41593930128358,0,0
"Dunn","Wisconsin",55033,45131,52.34,5,14,1.121828396254,1.10570993845282,6.0294718130275,0,0
"Eau Claire","Wisconsin",55035,104534,161.43,16,15,1.20302503608212,1.21322661655364,3.75,0,0
"Fond du Lac","Wisconsin",55039,103066,142.19,30,23,1.12495306309356,1.16999738286267,5.88703457062576,0,0
"Green","Wisconsin",55045,36929,63.13,8,14,1.16012938616016,1.16508775329805,4.66666666666667,0,0
"Jefferson","Wisconsin",55055,85129,152.12,13,14,1.20106740836765,1.21978305955197,3.78333416198248,0,0
"Kenosha","Wisconsin",55059,169290,618.88,81,17,1.19357174962027,1.29984612379696,3.91718607525614,0,0
"La Crosse","Wisconsin",55063,118230,260.91,19,16,1.20204880229272,1.22746327699172,3.76654261386621,0,0
"Marathon","Wisconsin",55073,135428,87.55,9,14,1.16993081275869,1.14771969614631,4.4165082750002,0,0
"Milwaukee","Wisconsin",55079,948201,3952.78,955,21,1.34143662848534,1.40515482217596,2.35972106545225,0,0
"Outagamie","Wisconsin",55087,187365,289.8,19,18,1.17771950219236,1.17050626685359,4.23736044059949,0,0
"Ozaukee","Wisconsin",55089,89147,378.78,50,15,1.20630348725123,1.32414279244831,3.69558829304978,0,0
"Pierce","Wisconsin",55093,42555,72.51,7,25,1.08094580791527,1.08157317367715,8.90517967770055,0,0
"Racine","Wisconsin",55101,196584,587.66,41,21,1.19343626675419,1.19364199787307,3.91970063601781,0,0
"Rock","Wisconsin",55105,163129,225.26,20,14,1.23859896844555,1.25999707165177,3.23929498423663,0,0
"St. Croix","Wisconsin",55109,89694,121.71,7,14,1.09360881745964,1.15680960705442,7.74612657931158,0,0
"Sauk","Wisconsin",55111,64249,76.54,18,15,1.21250861690062,1.22635489953811,3.59718699852197,0,0
"Sheboygan","Wisconsin",55117,115456,225.33,20,21,1.09454532299973,1.14969654827912,7.67273072221336,0,0
"Walworth","Wisconsin",55127,103718,185.57,15,15,1.1437666192984,1.20188054436101,5.16015292170291,0,0
"Washington","Wisconsin",55131,135693,312.36,52,16,1.22584577413502,1.29938830833382,3.40393685685381,0,0
"Waukesha","Wisconsin",55133,403072,725.8,133,23,1.23691932763036,1.24847418762905,3.25996871284234,0,0
"Winnebago","Wisconsin",55139,171020,391.1,18,20,1.15548317276381,1.1561722112933,4.79624933136263,0,0
"Wood","Wisconsin",55141,73055,92.39,2,18,1.03925922603184,1.04464267448807,18,0,0
"Campbell","Wyoming",56005,46140,9.93,6,14,1.13653347600972,1.12171434782229,5.41593930128358,0,0
"Fremont","Wyoming",56013,39531,4.36,27,21,1.16993081275869,1.18629298486217,4.4165082750002,0,0
"Laramie","Wyoming",56021,98976,36.37,40,17,1.19269988180426,1.25520616851889,3.9334296237159,0,0
"Natrona","Wyoming",56025,79115,15.09,21,14,1.24292303070229,1.24983538702263,3.18738348175734,0,0
"Park","Wyoming",56029,29324,4.19,1,17,0,0,Inf,0,0
"Sheridan","Wyoming",56033,30233,11.89,10,23,1.10529514112602,1.11190796567185,6.92368990027156,0,0
"Teton","Wyoming",56039,23081,5.77,32,16,1.24185781207348,1.25330727091246,3.2,0,0
"Washakie","Wyoming",56043,7885,3.63,2,7,1.10408951367381,1.08166670511232,0.627799804250949,0,0
